-- phpMyAdmin SQL Dump
-- version 5.2.1
-- https://www.phpmyadmin.net/
--
-- 主機： 127.0.0.1
-- 產生時間： 2024-05-24 06:24:32
-- 伺服器版本： 10.4.32-MariaDB
-- PHP 版本： 8.0.30

SET SQL_MODE = "NO_AUTO_VALUE_ON_ZERO";
START TRANSACTION;
SET time_zone = "+00:00";


/*!40101 SET @OLD_CHARACTER_SET_CLIENT=@@CHARACTER_SET_CLIENT */;
/*!40101 SET @OLD_CHARACTER_SET_RESULTS=@@CHARACTER_SET_RESULTS */;
/*!40101 SET @OLD_COLLATION_CONNECTION=@@COLLATION_CONNECTION */;
/*!40101 SET NAMES utf8mb4 */;

--
-- 資料庫： `take_away`
--

-- --------------------------------------------------------

--
-- 資料表結構 `adopt`
--

CREATE TABLE `adopt` (
  `adopt_id` int(11) NOT NULL,
  `pet` varchar(255) NOT NULL,
  `name` varchar(255) DEFAULT NULL,
  `donation_method` text DEFAULT NULL,
  `amount` text DEFAULT NULL,
  `payment` text DEFAULT NULL,
  `donation` text DEFAULT NULL,
  `address` text DEFAULT NULL,
  `created_at` datetime NOT NULL,
  `updated_at` datetime NOT NULL
) ENGINE=InnoDB DEFAULT CHARSET=utf8 COLLATE=utf8_general_ci;

-- --------------------------------------------------------

--
-- 資料表結構 `blog`
--

CREATE TABLE `blog` (
  `blog_id` int(11) NOT NULL,
  `pet_id` int(11) NOT NULL,
  `content` varchar(100) NOT NULL,
  `pic1` varchar(100) DEFAULT NULL,
  `pic2` varchar(100) DEFAULT NULL,
  `pic3` varchar(100) DEFAULT NULL,
  `pic4` varchar(100) DEFAULT NULL,
  `pic5` varchar(100) DEFAULT NULL,
  `time` datetime NOT NULL
) ENGINE=InnoDB DEFAULT CHARSET=utf8mb4 COLLATE=utf8mb4_general_ci;

--
-- 傾印資料表的資料 `blog`
--

INSERT INTO `blog` (`blog_id`, `pet_id`, `content`, `pic1`, `pic2`, `pic3`, `pic4`, `pic5`, `time`) VALUES
(10001, 10010, '看醫生，好恐怖，都是不認識的人。', '10001-1.jpg', '', '', '', '', '2024-03-21 14:08:02'),
(10002, 10010, '今天沒出門', '10002-1.jpg', '10002-2.jpg', '10002-3.jpg', '10002-4.jpg', '10002-5.jpg', '2024-03-21 14:08:54'),
(10003, 10010, '今天好無聊', '', '', '', '', '', '2024-03-21 14:09:09'),
(10004, 10010, 'A，B，C，D，E，F，G', '', '', '', '', '', '2024-03-21 14:09:47'),
(10005, 10010, 'Hello，world', '', '', '', '', '', '2024-03-21 14:10:09'),
(10006, 10010, '陰天', '', '', '', '', '', '2024-03-21 14:10:21');

-- --------------------------------------------------------

--
-- 資料表結構 `brand`
--

CREATE TABLE `brand` (
  `id` int(11) NOT NULL,
  `name` varchar(255) NOT NULL,
  `img` varchar(255) DEFAULT NULL,
  `info` text DEFAULT NULL,
  `created_at` datetime NOT NULL,
  `updated_at` datetime NOT NULL
) ENGINE=InnoDB DEFAULT CHARSET=utf8 COLLATE=utf8_general_ci;

-- --------------------------------------------------------

--
-- 資料表結構 `category`
--

CREATE TABLE `category` (
  `id` int(11) NOT NULL,
  `name` varchar(255) NOT NULL,
  `parent_id` int(11) DEFAULT NULL,
  `created_at` datetime NOT NULL,
  `updated_at` datetime NOT NULL
) ENGINE=InnoDB DEFAULT CHARSET=utf8 COLLATE=utf8_general_ci;

-- --------------------------------------------------------

--
-- 資料表結構 `color`
--

CREATE TABLE `color` (
  `id` int(11) NOT NULL,
  `name` varchar(255) NOT NULL,
  `created_at` datetime NOT NULL,
  `updated_at` datetime NOT NULL
) ENGINE=InnoDB DEFAULT CHARSET=utf8 COLLATE=utf8_general_ci;

-- --------------------------------------------------------

--
-- 資料表結構 `faq_report`
--

CREATE TABLE `faq_report` (
  `fr_id` int(7) NOT NULL,
  `email` varchar(30) NOT NULL,
  `fr_option` varchar(10) NOT NULL,
  `question` text NOT NULL,
  `created_at` datetime NOT NULL DEFAULT current_timestamp(),
  `updated_at` datetime NOT NULL DEFAULT current_timestamp() ON UPDATE current_timestamp()
) ENGINE=InnoDB DEFAULT CHARSET=utf8mb4 COLLATE=utf8mb4_general_ci;

-- --------------------------------------------------------

--
-- 資料表結構 `faq_shopinfo`
--

CREATE TABLE `faq_shopinfo` (
  `question_id` int(11) NOT NULL,
  `main_question` varchar(60) NOT NULL,
  `small_question` varchar(60) NOT NULL,
  `faq_answer` text NOT NULL
) ENGINE=InnoDB DEFAULT CHARSET=utf8mb4 COLLATE=utf8mb4_general_ci;

--
-- 傾印資料表的資料 `faq_shopinfo`
--

INSERT INTO `faq_shopinfo` (`question_id`, `main_question`, `small_question`, `faq_answer`) VALUES
(10001, '訂單相關', '我該如何訂購商品？', '您可以在我們的網站上瀏覽我們的商品目錄，並將您感興趣的商品添加到購物車中。完成購物後，您可以進入結帳流程並提供所需的付款和送貨信息。'),
(10002, '訂單相關', '我們可以更改訂單嗎？', '如果您需要更改訂單，請在提交訂單後盡快聯繫我們的客戶服務團隊。我們將竭盡所能滿足您的需求，但可能會受到訂單處理狀態的限制。'),
(10003, '訂單相關', '有哪些付款方式？', '我們接受信用卡（Visa、MasterCard、American Express等）和銀行轉帳等常見的付款方式。在結賬過程中，您將看到所有可用的付款選項。'),
(10004, '訂單相關', '多久可以收到我的訂單？', '我們會盡快處理您的訂單並安排送貨。送貨時間取決於您所在地區以及選擇的送貨方式。一般而言，大多數訂單將在3至7個工作日內送達。'),
(10005, '訂單相關', '如果我收到損壞的商品怎麼辦？', '如果您收到的商品在運送過程中受損，請立即與我們的客戶服務團隊聯繫。請提供訂單號碼和照片以供參考，我們將盡快為您處理退貨或退款。'),
(10006, '退換貨相關', '您是否提供退貨和退款？', '是的，我們提供退貨和退款服務。請在收到商品後的一定時間內與我們聯繫以了解退貨和退款政策的詳細信息。'),
(10007, '退換貨相關', '如何申請退貨退款？', '\"首先，請查閱商城的退貨政策，確保您的情況符合退貨退款的條件。通常退貨政策會規定退貨的時間限制、商品狀態、退款方式等。\r\n如果您符合退貨條件，請通過商城的客服系統或客服電話聯繫客服部門。您可能需要提供訂單號碼以及退貨原因等相關信息。\"'),
(10008, '退換貨相關', '需要填寫填寫退貨申請表格嗎?', '您需要填寫退貨申請表格，其中包括您的訂單信息、退貨原因、退款方式等。請填寫完整並確保準確無誤。'),
(10009, '退換貨相關', '請問退貨流程要多久?', '\"提交退貨申請後，商城會對您的申請進行審核。審核時間可能會有所不同，請耐心等待。\r\n如果您的退貨申請被批准，商城會告知您退貨的具體步驟，包括退貨地址以及郵寄方式等。請按照指示將商品郵寄回商城。\"'),
(10010, '退換貨相關', '請問退款是怎麼處理的?', '商城在收到退回的商品後會進行檢查，確認商品狀態無誤後，會安排退款。退款的時間取決於商城的處理速度以及您所選擇的退款方式。'),
(10011, '發票相關', '如何索取發票？', '您可以在下單時選擇需要發票，或者在收到訂單後通過訂單管理頁面申請發票。在填寫收貨信息時，請確保提供正確的發票抬頭和納稅人識別號碼等信息。'),
(10012, '發票相關', '我如何查詢已經索取的發票？', '您可以登入您的帳號，然後在訂單記錄或發票管理部分查詢您已經索取的發票。通常，您可以在那裡查看和下載您的發票。'),
(10013, '發票相關', '如果我的發票信息填寫錯誤，該如何修改？', '如果您填寫的發票信息有誤，請立即聯繫客服，提供正確的信息。客服將幫助您修改發票信息並重新發送發票。'),
(10014, '發票相關', '我可以申請電子發票嗎？如何獲取電子發票？', '是的，您可以選擇申請電子發票。在下單時，請選擇電子發票選項並填寫相關信息。商城將通過電子郵件或在您的帳戶中發送電子發票給您。'),
(10015, '發票相關', '若是我的發票有填寫統一編號，何時可以收到發票？', '若您的發票有填寫統一編號，實體商品系統將會於確認您取貨後，以郵局平信方式盡速為您寄出紙本發票；而虛擬商品則是會於您成功訂購後，儘速為您寄出紙本發票。'),
(10016, '商品相關', '商品缺貨了，我可以提前知道嗎？', '我們會盡量保持商品庫存的準確性，但有時候由於各種原因，商品可能會出現缺貨情況。您可以在選擇商品時查看庫存狀態，如果商品缺貨，系統通常會提示或標註為“暫時缺貨”。'),
(10017, '商品相關', '我想了解商品的詳細資訊，如尺寸、材質等，該如何查詢？', '您可以在商品頁面上查看商品的詳細資訊，包括尺寸、成分、顏色等。如果您對商品有任何疑問，也可以通過客服系統與我們的客服人員聯繫，我們將竭誠為您提供幫助。'),
(10018, '商品相關', '商品收到後有損壞，該如何處理？', '如果您收到的商品有損壞或缺陷，請在收貨後的七天內與我們聯繫，提供相關的照片證明和訂單信息。我們會為您提供退換貨服務。'),
(10019, '商品相關', '我想購買的商品暫時沒有庫存，是否可以預訂？', '有些商品可以進行預訂，您可以查看商品頁面是否有預訂選項。如果可以預訂，系統會提示相關信息並引導您完成預訂流程。'),
(10020, '商品相關', '商品訂錯或不滿意，可以直接換購其他商品嗎？', '\"如果您決定換購其他商品，請按照商城的換貨流程進行操作。通常情況下，您需要在收到商品後的一定時間內申請換貨，並按照指示將原商品退回。\r\n為了進行換購，通常要求原商品必須是未使用、未損壞且保持原包裝狀態。請確保您的商品符合商城的換貨條件。\"');

-- --------------------------------------------------------

--
-- 資料表結構 `favorite`
--

CREATE TABLE `favorite` (
  `favorite_id` int(11) NOT NULL,
  `user_id` int(11) NOT NULL,
  `pet_id` int(11) NOT NULL
) ENGINE=InnoDB DEFAULT CHARSET=utf8mb4 COLLATE=utf8mb4_general_ci;

--
-- 傾印資料表的資料 `favorite`
--

INSERT INTO `favorite` (`favorite_id`, `user_id`, `pet_id`) VALUES
(10001, 10001, 10001),
(10002, 10002, 10002),
(10003, 10003, 10003),
(10004, 10004, 10004),
(10005, 10005, 10005),
(10006, 10006, 10006),
(10007, 10007, 10007),
(10008, 10008, 10008),
(10009, 10009, 10009),
(10010, 10010, 10010);

-- --------------------------------------------------------

--
-- 資料表結構 `mypet`
--

CREATE TABLE `mypet` (
  `mypet_id` int(11) NOT NULL,
  `user_id` int(11) NOT NULL,
  `pet_id` int(11) NOT NULL
) ENGINE=InnoDB DEFAULT CHARSET=utf8mb4 COLLATE=utf8mb4_general_ci;

--
-- 傾印資料表的資料 `mypet`
--

INSERT INTO `mypet` (`mypet_id`, `user_id`, `pet_id`) VALUES
(10001, 10001, 10001),
(10002, 10002, 10002),
(10003, 10003, 10003),
(10004, 10004, 10004),
(10005, 10005, 10005),
(10006, 10006, 10006),
(10007, 10007, 10007),
(10008, 10008, 10008),
(10009, 10009, 10009),
(10010, 10010, 10010);

-- --------------------------------------------------------

--
-- 資料表結構 `notice_adoptinfo`
--

CREATE TABLE `notice_adoptinfo` (
  `question_adopt_id` int(11) NOT NULL,
  `main_question` varchar(60) NOT NULL,
  `small_question` varchar(60) NOT NULL,
  `faq_answer` text NOT NULL
) ENGINE=InnoDB DEFAULT CHARSET=utf8mb4 COLLATE=utf8mb4_general_ci;

--
-- 傾印資料表的資料 `notice_adoptinfo`
--

INSERT INTO `notice_adoptinfo` (`question_adopt_id`, `main_question`, `small_question`, `faq_answer`) VALUES
(10001, '領養相關', '我想領養毛孩，應該如何開始？', '您可以在我們的網站上查看可領養的毛孩列表，然後填寫領養申請表格。我們的工作人員將與您聯繫，安排領養程序。'),
(10002, '領養相關', '領養毛孩需要支付費用嗎？', '是的，領養費用通常包括動物的醫療檢查、疫苗接種、結紮手術等費用。這些費用有助於確保動物的健康和福祉。'),
(10003, '領養相關', '我家有其他寵物，新領養的毛孩能適應嗎？', '我們會根據您家中現有的寵物情況評估新領養的動物是否適合。有時候會建議進行緩慢的介紹過程，以確保所有的動物都能相處融洽。'),
(10004, '領養相關', '領養毛孩後是否提供售後支援？', '是的，我們提供領養後的支援和指導，包括飼養建議、行為問題解決、健康諮詢等。我們希望每一隻領養出去的動物都能得到良好的照顧。'),
(10005, '領養相關', '領養毛孩的程序需要多久？', '領養的程序通常會根據不同的情況而有所不同。一般來說，填寫申請表格、審核、與動物相遇、簽署領養協議等步驟可能需要幾天到幾個星期的時間。'),
(10006, '狗狗相關', '我想要養一隻狗狗，應該如何開始？', '首先，您可以考慮您的生活方式、家庭環境和時間能力，然後選擇適合您的狗狗品種。接著，您可以通過當地的動物收容所、狗狗領養組織或認證的狗狗育種場尋找合適的狗狗。'),
(10007, '狗狗相關', '我如何確定適合我的狗狗品種？', '不同品種的狗狗有不同的特點和需求，您可以通過網上搜尋、書籍閱讀或諮詢獸醫等途徑了解不同品種的習性和需求，然後根據您的生活方式和喜好選擇適合您的品種。'),
(10008, '狗狗相關', '養狗狗需要注意什麼？', '養狗狗需要給予足夠的愛、關注和責任。您需要提供良好的飲食、適當的運動、及時的醫療照顧以及正確的訓練和社交化。另外，定期帶狗狗進行健康檢查和注射疫苗也是非常重要的。'),
(10009, '狗狗相關', '我家有小孩，可以養狗狗嗎？', '許多品種的狗狗都可以與小孩友好相處，但您需要考慮狗狗的性格、體型和訓練情況。在引入狗狗之前，建議您與家人一起參加一些訓練課程，並確保小孩和狗狗都能夠相互適應和尊重。'),
(10010, '狗狗相關', '請問養狗需要的場地?', '\"養狗需要一個安全、舒適的生活環境，場地需求取決於您所選擇的狗狗品種、大小、活動水平和您的生活方式。以下是一些養狗所需要的基本場地要求：\r\n1.您需要一個適合大小的住所，能夠容納您的狗狗生活，並提供舒適的睡眠區域。\r\n2.狗狗需要室內空間來休息、避雨和避寒。提供一個舒適的地方讓狗狗休息，例如專用的狗狗床或墊子。\r\n3.大多數狗狗需要戶外運動和活動，特別是中型和大型狗狗。提供一個安全的戶外空間，例如後院或公園，讓狗狗可以奔跑、玩耍和排泄。\r\n4.如果您有後院，請確保設置了適當的圍欄，以防止狗狗逃跑或受傷。圍欄應該高度足夠，並且無法被挖掘或跳過。\r\n5.無論您是否有後院，都應該提供足夠的散步區域供狗狗活動。這可以是公園、散步道或其他安全的戶外空間。\r\n6.一些狗狗需要更多的運動，例如跑步、追逐球或玩耍。\"'),
(10011, '貓貓相關', '我如何知道哪一隻貓貓適合我？', '每隻貓貓都有自己獨特的個性和需求，您可以通過與貓貓相處和觀察來確定哪一隻貓貓最適合您。您也可以向貓貓收容所或育種場的工作人員尋求建議，他們會根據您的條件和需求推薦適合的貓貓。'),
(10012, '貓貓相關', '養貓貓需要注意什麼？', '養貓貓需要給予足夠的愛、關注和責任。您需要提供良好的飲食、適當的運動、及時的醫療照顧以及正確的訓練和社交化。同時，您還需要提供一個安全、舒適的生活環境供貓貓生活。'),
(10013, '貓貓相關', '貓貓的生活費用是多少？', '養貓貓需要考慮飲食、醫療、訓練、玩具和其他必需品等費用。這些費用會根據貓貓的品種、年齡、健康狀況和生活方式而有所不同。預算包括每月食物、定期醫療檢查、疫苗接種、除蚤、驅蟲和緊急情況的預備金。'),
(10014, '貓貓相關', '貓咪可以關籠養嗎？', '我們完全不建議將貓咪關籠養，一個籠子的大小是無法滿足貓咪所需的活動空間，在野外的貓咪一天可以走好幾公里覓食、巡邏、尋找交配機會。而且貓咪的安全感源自於是否能夠逃離危險，因為他們在自然界中除了是獵人，也是別人的獵物；當貓咪被關在籠子裡飼養時，他們會因為無法逃離他們認為危險的事物，而感到非常有壓力。'),
(10015, '貓貓相關', '我想要養一隻貓貓，應該如何開始？', '您可以考慮您的生活方式、家庭環境和時間能力，然後選擇適合您的貓貓品種。接著，您可以通過當地的動物收容所、貓貓領養組織或認證的貓貓育種場尋找合適的貓貓。'),
(10016, '其他相關', '我的毛孩需要打疫苗嗎？什麼時候需要打？', '是的，狗貓需要定期接種疫苗以預防一些常見的疾病。您應該向您的獸醫諮詢並遵循其建議的疫苗接種計劃。一般情況下，狗貓的疫苗需要在幼年時期進行，然後定期接種更新疫苗。'),
(10017, '其他相關', '我的毛孩應該進行結紮手術嗎？', '結紮手術對於控制寵物的繁殖和健康有著積極的影響。大多數獸醫和動物醫療專家建議對狗貓進行結紮手術，但這個決定最終取決於您和您的獸醫的討論。'),
(10018, '其他相關', '我的毛孩需要進行常規的健康檢查嗎？', '是的，定期的健康檢查對於確保您的狗貓健康非常重要。您應該定期帶您的狗貓去獸醫那裡進行健康檢查，檢查牙齒、耳朵、眼睛、皮膚等健康狀況，並及時接受建議的治療。'),
(10019, '其他相關', '我發現我的毛孩有異常行為，應該怎麼辦？', '如果您注意到您的狗貓有異常行為，例如食慾不振、活動減少、頻繁的舔抓、疼痛或任何其他不尋常的行為，請立即諮詢您的獸醫。這些行為可能是健康問題的早期跡象，及早治療可能有助於防止問題惡化。'),
(10020, '其他相關', '狗狗或貓貓吃零食應該注意什麼？', '給狗狗或貓貓吃零食時，應該注意控制份量，避免過度餵食。同時，選擇符合其營養需求且安全的零食，避免給予含有人類食品或有害成分的零食。另外，及時清潔碗，以免零食殘留引起細菌滋生。');

-- --------------------------------------------------------

--
-- 資料表結構 `online_virtual_adoption_form`
--

CREATE TABLE `online_virtual_adoption_form` (
  `adopt_id` int(11) NOT NULL,
  `pet_id` int(11) NOT NULL,
  `user_id` int(11) NOT NULL,
  `donation_method` varchar(8) NOT NULL,
  `amount` int(11) NOT NULL,
  `payment` varchar(8) NOT NULL,
  `donation` varchar(8) NOT NULL,
  `donate_address` varchar(8) NOT NULL
) ENGINE=InnoDB DEFAULT CHARSET=utf8mb4 COLLATE=utf8mb4_general_ci;

--
-- 傾印資料表的資料 `online_virtual_adoption_form`
--

INSERT INTO `online_virtual_adoption_form` (`adopt_id`, `pet_id`, `user_id`, `donation_method`, `amount`, `payment`, `donation`, `donate_address`) VALUES
(10001, 10001, 10001, '定期扣款', 1, '信用卡', '緊急需要 ', '地址'),
(10002, 10002, 10002, '定期扣款', 3, '超商繳費', '絕孕計畫', '信箱'),
(10003, 10003, 10003, '單次捐贈', 2, '信用卡', '不指定', '地址'),
(10004, 10004, 10004, '單次捐贈', 1, '超商繳費', '緊急需要', '信箱'),
(10005, 10005, 10005, '定期扣款', 2, '超商繳費', '緊急需要', '地址'),
(10006, 10006, 10006, '單次捐贈', 2, '銀行轉帳', '緊急需要', '信箱'),
(10007, 10007, 10007, '定期扣款', 1, '超商繳費', '絕孕計畫 ', '地址 '),
(10008, 10008, 10008, '單次捐贈', 3, '銀行轉帳', '絕孕計畫', '信箱'),
(10009, 10009, 10009, '定期扣款', 3, '銀行轉帳 ', ' 緊急需要', ' 地址'),
(10010, 10010, 10010, '單次捐贈', 3, '銀行轉帳 ', ' 絕孕計畫', ' 地址');

-- --------------------------------------------------------

--
-- 資料表結構 `order_detail`
--

CREATE TABLE `order_detail` (
  `order_detail_id` int(11) NOT NULL,
  `product_id` int(11) NOT NULL,
  `amount` int(11) NOT NULL,
  `unit_price` int(11) NOT NULL,
  `totail_price` int(11) NOT NULL
) ENGINE=InnoDB DEFAULT CHARSET=utf8mb4 COLLATE=utf8mb4_general_ci;

--
-- 傾印資料表的資料 `order_detail`
--

INSERT INTO `order_detail` (`order_detail_id`, `product_id`, `amount`, `unit_price`, `totail_price`) VALUES
(10001, 10001, 2, 980, 2432),
(10002, 10002, 5, 460, 1345),
(10003, 10003, 6, 460, 8310),
(10004, 10004, 40, 460, 1160),
(10005, 10005, 10, 590, 480),
(10006, 10006, 10, 950, 480),
(10007, 10007, 10, 299, 890),
(10008, 10008, 8, 439, 2392),
(10009, 10009, 9, 680, 1215),
(10010, 10010, 10, 250, 3760),
(10011, 10011, 1, 980, 456),
(10012, 10012, 2, 1600, 4336),
(10013, 10013, 2, 720, 4798),
(10014, 10014, 3, 850, 3960),
(10015, 10015, 5, 590, 385);

-- --------------------------------------------------------

--
-- 資料表結構 `order_history`
--

CREATE TABLE `order_history` (
  `order_id` int(11) NOT NULL,
  `user_id` int(11) NOT NULL,
  `order_detail_id` int(11) NOT NULL,
  `name` varchar(8) NOT NULL,
  `phone` varchar(10) NOT NULL,
  `order_date` datetime NOT NULL,
  `order_remark` varchar(80) DEFAULT NULL,
  `delivery_method` varchar(8) NOT NULL,
  `payment_method` varchar(8) NOT NULL,
  `recipient_address_detail` varchar(80) NOT NULL,
  `status` varchar(8) NOT NULL,
  `Invoice_no` varchar(8) NOT NULL
) ENGINE=InnoDB DEFAULT CHARSET=utf8mb4 COLLATE=utf8mb4_general_ci;

--
-- 傾印資料表的資料 `order_history`
--

INSERT INTO `order_history` (`order_id`, `user_id`, `order_detail_id`, `name`, `phone`, `order_date`, `order_remark`, `delivery_method`, `payment_method`, `recipient_address_detail`, `status`, `Invoice_no`) VALUES
(10001, 10001, 10001, '白賢祐', '0912345678', '2023-11-27 08:00:55', '', '超商取貨', '貨到付款', '7-11樂美門市', '已送達', '/J9IP1P2'),
(10002, 10001, 10002, '白賢祐', '0912345678', '2023-11-14 02:10:17', '請包裝得好一點，避免商品受損。', '超商取貨', 'LINE_Pay', '7-11樂美門市', '已出貨', '/J9IP1P2'),
(10003, 10001, 10003, '白賢祐', '0912345678', '2022-01-25 06:20:01', '', '超商取貨', 'LINE_Pay', '7-11樂美門市', '運送中', '/J9IP1P2'),
(10004, 10001, 10004, '白賢祐', '0912345678', '2024-02-13 03:23:43', '請將包裹放置在門口就好。', '宅配', '貨到付款', '宜蘭縣冬山鄉武罕七路96號之9', '未出貨', '/J9IP1P2'),
(10005, 10001, 10005, '白賢祐', '0912345678', '2020-02-01 03:56:05', '請注意我的地址是新北市，不是新竹市哦。', '宅配', '貨到付款', '宜蘭縣冬山鄉武罕七路96號之9', '未出貨', '/J9IP1P2'),
(10006, 10002, 10006, '洪海仁', '0987654321', '2023-11-11 03:45:29', '請用最快的運送方式送貨。', '超商取貨', '貨到付款', '7-11 中正門市', '未出貨', '/J9IP1P8'),
(10007, 10002, 10007, '洪海仁', '0987654321', '2020-09-24 23:36:18', '', '超商取貨', 'LINE_Pay', '7-11 中正門市', '已送達', '/J9IP1P8'),
(10008, 10002, 10008, '洪海仁', '0987654321', '2021-09-09 20:15:19', '', '超商取貨', 'LINE_Pay', '7-11 中山門市', '未出貨', '/J9IP1P8'),
(10009, 10002, 10009, '洪海仁', '0987654321', '2022-11-13 20:25:31', '請確認貨物已經妥善包裝，以防損壞。', '宅配', 'LINE_Pay', '臺中市西屯區大有西街81號5樓', '運送中', '/J9IP1P8'),
(10010, 10002, 10010, '洪海仁', '0987654321', '2023-10-26 00:47:42', '訂單為緊急情況，請盡快處理並儘速送達。', '宅配', '貨到付款', '臺中市西屯區大有西街81號5樓', '運送中', '/J9IP1P8'),
(10011, 10002, 10011, '洪海仁', '0987654321', '2020-07-08 02:08:56', '請將包裹放置在門口就好。', '宅配', '貨到付款', '臺中市西屯區大有西街81號5樓', '運送中', '/J9IP1P8'),
(10012, 10002, 10012, '洪海仁', '0987654321', '2020-03-20 22:40:21', '', '宅配', '信用卡', '新竹縣竹北市仁義路73號', '已送達', '/J9IP1P8'),
(10013, 10002, 10013, '洪海仁', '0987654321', '2021-04-17 02:17:31', '請在送貨前提前通知，確保有人接收包裹。', '宅配', '信用卡', '臺中市西區精武路73號', '運送中', '/J9IP1P8'),
(10014, 10003, 10014, '洪秀哲', '0923456789', '2021-08-04 11:59:44', '', '超商取貨', '信用卡', '7-11 文化門市', '運送中', '/J9IP117'),
(10015, 10003, 10015, '洪秀哲', '0923456789', '2023-07-08 04:34:44', '', '超商取貨', '信用卡', '7-11 文化門市', '已出貨', '/J9IP117'),
(10016, 10003, 10016, '洪秀哲', '0923456789', '2022-11-01 02:31:25', '貨物為冷凍食品，請確保在運送過程中保持低溫。', '超商取貨', '信用卡', '7-11 文化門市', '已出貨', '/J9IP117'),
(10017, 10004, 10017, '千多慧', '0956789123', '2022-12-17 12:58:29', '', '超商取貨', '信用卡', '7-11 瑞祥門市', '已出貨', '/J9IP120'),
(10018, 10004, 10018, '千多慧', '0956789123', '2020-09-18 07:53:16', '', '超商取貨', 'LINE_Pay', '7-11 瑞祥門市', '已送達', '/J9IP120'),
(10019, 10004, 10019, '千多慧', '0956789123', '2020-09-24 11:32:16', '貨物為易碎品，請謹慎處理以避免損壞。', '超商取貨', 'LINE_Pay', '7-11 瑞祥門市', '運送中', '/J9IP120'),
(10020, 10004, 10020, '千多慧', '0956789123', '2022-03-02 11:27:53', '', '超商取貨', '信用卡', '7-11 瑞祥門市', '已出貨', '/J9IP120'),
(10021, 10004, 10021, '千多慧', '0956789123', '2023-02-16 22:20:34', '', '宅配', '信用卡', '高雄市前鎮區宏平路5號', '運送中', '/J9IP120'),
(10022, 10004, 10022, '千多慧', '0956789123', '2020-03-01 02:58:40', '請將包裹放置在門口，而不需要簽收。', '宅配', '信用卡', '高雄市前鎮區宏平路5號', '已送達', '/J9IP120'),
(10023, 10004, 10023, '千多慧', '0956789123', '2024-02-18 19:31:51', '請儘快出貨，我們家的貓等不及了！', '宅配', '信用卡', '高雄市前鎮區宏平路5號', '已送達', '/J9IP120'),
(10024, 10004, 10024, '千多慧', '0956789123', '2020-02-04 23:35:16', '', '宅配', '信用卡', '高雄市前鎮區宏平路5號', '已送達', '/J9IP120'),
(10025, 10005, 10025, '洪凡資', '0934567890', '2021-10-23 17:32:05', '', '超商取貨', '信用卡', '7-11 新生門市', '已出貨', '/J9IP128'),
(10026, 10005, 10026, '洪凡資', '0934567890', '2022-01-04 17:04:46', '', '超商取貨', 'LINE_Pay', '7-11 新生門市', '已出貨', '/J9IP128'),
(10027, 10005, 10027, '洪凡資', '0934567890', '2023-10-24 02:32:27', '請將包裹放置在門口，而不需要簽收。', '宅配', 'LINE_Pay', '臺東縣臺東市頂岩灣96號', '運送中', '/J9IP128'),
(10028, 10005, 10028, '洪凡資', '0934567890', '2020-01-25 15:55:11', '貨物為易碎品，請謹慎處理以避免損壞。', '宅配', 'LINE_Pay', '臺東縣臺東市頂岩灣96號', '已送達', '/J9IP128'),
(10029, 10006, 10029, '全峰藹', '0978912345', '2020-11-10 16:52:57', '', '宅配', 'LINE_Pay', '花蓮縣吉安鄉建國路２段100號11樓', '已送達', '/J9IP132'),
(10030, 10006, 10030, '全峰藹', '0978912345', '2022-04-15 17:42:00', '請儘快出貨，我們家的貓等不及了！', '超商取貨', 'LINE_Pay', '7-11文化門市', '運送中', '/J9IP132'),
(10031, 10006, 10031, '全峰藹', '0978912345', '2020-10-21 15:33:04', '', '宅配', '信用卡', '花蓮縣吉安鄉建國路２段100號11樓', '已送達', '/J9IP132'),
(10032, 10006, 10032, '全峰藹', '0978912345', '2023-12-21 06:42:22', '請將包裹放置在門口，而不需要簽收。', '宅配', '信用卡', '花蓮縣吉安鄉建國路２段100號11樓', '已送達', '/J9IP132'),
(10033, 10006, 10033, '全峰藹', '0978912345', '2023-11-01 14:53:44', '請在送貨前提前通知，確保有人接收包裹。', '宅配', '信用卡', '花蓮縣吉安鄉建國路２段100號11樓', '已送達', '/J9IP132'),
(10034, 10006, 10034, '全峰藹', '0978912345', '2020-03-25 07:33:33', '', '宅配', '信用卡', '花蓮縣吉安鄉建國路２段100號11樓', '已送達', '/J9IP132'),
(10035, 10006, 10035, '全峰藹', '0978912345', '2022-12-29 23:50:51', '請將包裹放置在門口，而不需要簽收。', '宅配', 'LINE_Pay', '花蓮縣吉安鄉建國路２段100號11樓', '訂單取消', '/J9IP132'),
(10036, 10006, 10036, '全峰藹', '0978912345', '2021-02-26 17:51:46', '', '宅配', 'LINE_Pay', '花蓮縣吉安鄉建國路２段100號11樓', '訂單取消', '/J9IP132'),
(10037, 10006, 10037, '全峰藹', '0978912345', '2021-01-23 12:56:41', '請將包裹放置在門口，而不需要簽收。', '宅配', 'LINE_Pay', '花蓮縣吉安鄉建國路２段100號11樓', '訂單取消', '/J9IP132'),
(10038, 10008, 10038, '尹殷盛', '0901234567', '2024-03-11 01:58:16', '請在送貨前提前通知，確保有人接收包裹。', '宅配', '信用卡', '高雄市鳥松區大竹路水坑巷28號2樓', '已送達', '/J9IP141'),
(10039, 10008, 10039, '尹殷盛', '0901234567', '2021-11-23 11:21:01', '請儘快出貨，我們家的狗等不及了！', '超商取貨', 'LINE_Pay', '7-11 忠孝門市', '訂單取消', '/J9IP141'),
(10040, 10010, 10040, '金陽基', '0998765432', '2024-01-04 02:20:55', '請儘快出貨，我們家的貓等不及了！', '超商取貨', 'LINE_Pay', '7-11 興隆門市', '已送達', '/J9IP143'),
(10041, 10010, 10041, '金陽基', '0998765432', '2020-05-06 00:03:15', '貨物為易碎品，請謹慎處理以避免損壞。', '超商取貨', '信用卡', '7-11 和平門市', '訂單取消', '/J9IP143');

-- --------------------------------------------------------

--
-- 資料表結構 `otp`
--

CREATE TABLE `otp` (
  `id` int(11) NOT NULL,
  `user_id` int(11) NOT NULL,
  `email` varchar(255) NOT NULL,
  `token` varchar(255) NOT NULL,
  `exp_timestamp` bigint(20) NOT NULL,
  `created_at` datetime NOT NULL,
  `updated_at` datetime NOT NULL
) ENGINE=InnoDB DEFAULT CHARSET=utf8 COLLATE=utf8_general_ci;

-- --------------------------------------------------------

--
-- 資料表結構 `pet_action`
--

CREATE TABLE `pet_action` (
  `action_id` int(11) NOT NULL,
  `pet_id` int(11) NOT NULL,
  `sit` tinyint(1) NOT NULL,
  `down` tinyint(1) NOT NULL,
  `hand` tinyint(1) NOT NULL,
  `stay` tinyint(1) NOT NULL,
  `toilet` tinyint(1) NOT NULL,
  `bark` tinyint(1) NOT NULL,
  `respond` tinyint(1) NOT NULL,
  `follow` tinyint(1) NOT NULL,
  `mobility` int(11) NOT NULL,
  `adaptability` int(11) NOT NULL,
  `lively` int(11) NOT NULL,
  `affectionate` int(11) NOT NULL
) ENGINE=InnoDB DEFAULT CHARSET=utf8mb4 COLLATE=utf8mb4_general_ci;

--
-- 傾印資料表的資料 `pet_action`
--

INSERT INTO `pet_action` (`action_id`, `pet_id`, `sit`, `down`, `hand`, `stay`, `toilet`, `bark`, `respond`, `follow`, `mobility`, `adaptability`, `lively`, `affectionate`) VALUES
(10001, 10001, 1, 1, 1, 0, 1, 1, 1, 1, 68, 73, 68, 78),
(10002, 10002, 1, 0, 0, 1, 1, 1, 0, 0, 43, 65, 67, 64),
(10003, 10003, 0, 1, 1, 1, 0, 0, 1, 1, 57, 88, 84, 83),
(10004, 10004, 1, 1, 1, 1, 1, 1, 1, 1, 83, 79, 73, 72),
(10005, 10005, 0, 1, 0, 0, 1, 0, 0, 1, 72, 67, 61, 67),
(10006, 10006, 1, 1, 1, 1, 0, 1, 1, 1, 39, 82, 78, 76),
(10007, 10007, 1, 0, 0, 1, 1, 1, 1, 0, 76, 70, 70, 81),
(10008, 10008, 0, 0, 1, 1, 1, 1, 1, 1, 51, 75, 89, 69),
(10009, 10009, 1, 1, 1, 0, 0, 1, 1, 0, 65, 61, 63, 85),
(10010, 10010, 1, 1, 1, 1, 1, 1, 0, 1, 79, 86, 72, 63),
(10011, 10011, 0, 0, 1, 0, 1, 0, 1, 1, 34, 71, 81, 79),
(10012, 10012, 0, 1, 0, 1, 0, 1, 1, 1, 88, 78, 80, 71),
(10013, 10013, 1, 0, 1, 1, 1, 1, 0, 1, 42, 63, 65, 88),
(10014, 10014, 1, 1, 1, 1, 1, 1, 1, 0, 58, 84, 79, 68),
(10015, 10015, 0, 1, 1, 0, 0, 1, 1, 0, 75, 68, 62, 77),
(10016, 10016, 1, 1, 0, 1, 1, 0, 1, 1, 47, 77, 77, 82),
(10017, 10017, 1, 0, 0, 0, 1, 1, 1, 1, 81, 89, 88, 75),
(10018, 10018, 0, 1, 1, 1, 1, 1, 0, 1, 60, 66, 69, 70),
(10019, 10019, 1, 1, 1, 1, 0, 1, 1, 0, 36, 80, 85, 86),
(10020, 10020, 0, 1, 1, 1, 1, 0, 0, 1, 70, 74, 76, 66),
(10021, 10021, 1, 1, 0, 0, 1, 1, 1, 0, 53, 90, 66, 80),
(10022, 10022, 1, 0, 1, 1, 0, 1, 1, 1, 84, 69, 83, 74),
(10023, 10023, 0, 1, 1, 1, 1, 0, 1, 1, 45, 83, 71, 90),
(10024, 10024, 1, 0, 1, 1, 0, 1, 1, 1, 67, 76, 87, 61),
(10025, 10025, 1, 1, 0, 1, 1, 0, 1, 1, 31, 62, 74, 84),
(10026, 10026, 1, 1, 1, 1, 1, 1, 0, 1, 78, 87, 82, 73),
(10027, 10027, 0, 0, 1, 1, 1, 1, 1, 0, 63, 72, 90, 89),
(10028, 10028, 1, 1, 1, 0, 1, 0, 0, 1, 89, 81, 75, 65),
(10029, 10029, 1, 1, 0, 1, 0, 1, 1, 1, 48, 64, 86, 87),
(10030, 10030, 0, 1, 1, 1, 1, 1, 1, 0, 74, 85, 64, 62),
(10031, 10031, 1, 1, 1, 0, 1, 1, 1, 1, 68, 73, 68, 78),
(10032, 10032, 1, 0, 0, 1, 1, 1, 0, 0, 43, 65, 67, 64),
(10033, 10033, 0, 1, 1, 1, 0, 0, 1, 1, 57, 88, 84, 83),
(10034, 10034, 1, 1, 1, 1, 1, 1, 1, 1, 83, 79, 73, 72),
(10035, 10035, 0, 1, 0, 0, 1, 0, 0, 1, 72, 67, 61, 67),
(10036, 10036, 1, 1, 1, 1, 0, 1, 1, 1, 39, 82, 78, 76),
(10037, 10037, 1, 0, 0, 1, 1, 1, 1, 0, 76, 70, 70, 81),
(10038, 10038, 0, 0, 1, 1, 1, 1, 1, 1, 51, 75, 89, 69),
(10039, 10039, 1, 1, 1, 0, 0, 1, 1, 0, 65, 61, 63, 85),
(10040, 10040, 1, 1, 1, 1, 1, 1, 0, 1, 79, 86, 72, 63),
(10041, 10041, 0, 0, 1, 0, 1, 0, 1, 1, 34, 71, 81, 79),
(10042, 10042, 0, 1, 0, 1, 0, 1, 1, 1, 88, 78, 80, 71),
(10043, 10043, 1, 0, 1, 1, 1, 1, 0, 1, 42, 63, 65, 88),
(10044, 10044, 1, 1, 1, 1, 1, 1, 1, 0, 58, 84, 79, 68),
(10045, 10045, 0, 1, 1, 0, 0, 1, 1, 0, 75, 68, 62, 77),
(10046, 10046, 1, 1, 0, 1, 1, 0, 1, 1, 47, 77, 77, 82),
(10047, 10047, 1, 0, 0, 0, 1, 1, 1, 1, 81, 89, 88, 75),
(10048, 10048, 0, 1, 1, 1, 1, 1, 0, 1, 60, 66, 69, 70),
(10049, 10049, 1, 1, 1, 1, 0, 1, 1, 0, 36, 80, 85, 86),
(10050, 10050, 0, 1, 1, 1, 1, 0, 0, 1, 70, 74, 76, 66),
(10051, 10051, 1, 1, 0, 0, 1, 1, 1, 0, 53, 90, 66, 80),
(10052, 10052, 1, 0, 1, 1, 0, 1, 1, 1, 84, 69, 83, 74),
(10053, 10053, 0, 1, 1, 1, 1, 0, 1, 1, 45, 83, 71, 90),
(10054, 10054, 1, 0, 1, 1, 0, 1, 1, 1, 67, 76, 87, 61),
(10055, 10055, 1, 1, 0, 1, 1, 0, 1, 1, 31, 62, 74, 84),
(10056, 10056, 1, 1, 1, 1, 1, 1, 0, 1, 78, 87, 82, 73),
(10057, 10057, 0, 0, 1, 1, 1, 1, 1, 0, 63, 72, 90, 89),
(10058, 10058, 1, 1, 1, 0, 1, 0, 0, 1, 89, 81, 75, 65),
(10059, 10059, 1, 1, 0, 1, 0, 1, 1, 1, 48, 64, 86, 87),
(10060, 10060, 0, 1, 1, 1, 1, 1, 1, 0, 74, 85, 64, 62),
(10061, 10061, 1, 1, 0, 1, 0, 1, 1, 1, 48, 64, 86, 87),
(10062, 10062, 0, 1, 1, 1, 1, 1, 1, 0, 74, 85, 64, 62),
(10063, 10063, 1, 1, 1, 0, 1, 1, 1, 1, 68, 73, 68, 78),
(10064, 10064, 1, 0, 0, 1, 1, 1, 0, 0, 43, 65, 67, 64),
(10065, 10065, 0, 1, 1, 1, 0, 0, 1, 1, 57, 88, 84, 83),
(10066, 10066, 1, 1, 1, 1, 1, 1, 1, 1, 83, 79, 73, 72),
(10067, 10067, 0, 1, 0, 0, 1, 0, 0, 1, 72, 67, 61, 67),
(10068, 10068, 1, 1, 1, 1, 0, 1, 1, 1, 39, 82, 78, 76),
(10069, 10069, 1, 0, 0, 1, 1, 1, 1, 0, 76, 70, 70, 81),
(10070, 10070, 0, 0, 1, 1, 1, 1, 1, 1, 51, 75, 89, 69),
(10071, 10071, 1, 1, 1, 0, 0, 1, 1, 0, 65, 61, 63, 85),
(10072, 10072, 1, 1, 1, 1, 1, 1, 0, 1, 79, 86, 72, 63);

-- --------------------------------------------------------

--
-- 資料表結構 `pet_info`
--

CREATE TABLE `pet_info` (
  `pet_id` int(11) NOT NULL,
  `name` varchar(10) NOT NULL,
  `tag` varchar(14) NOT NULL,
  `age` int(11) NOT NULL,
  `type` varchar(4) NOT NULL,
  `weight` int(11) NOT NULL,
  `gender` varchar(4) NOT NULL,
  `breeds` varchar(10) NOT NULL,
  `color` varchar(10) NOT NULL,
  `adopted` tinyint(1) NOT NULL,
  `state` varchar(14) NOT NULL,
  `fixed` tinyint(1) NOT NULL,
  `microchip` tinyint(1) NOT NULL,
  `vaccine` tinyint(1) NOT NULL,
  `deworm` tinyint(1) NOT NULL,
  `personality_type` varchar(6) DEFAULT NULL,
  `sign` varchar(6) NOT NULL,
  `blue` tinyint(1) NOT NULL,
  `favorite` tinyint(1) NOT NULL,
  `pee` tinyint(1) NOT NULL,
  `skin` tinyint(1) NOT NULL,
  `disability` tinyint(1) NOT NULL,
  `blind` tinyint(1) NOT NULL,
  `adopt1` varchar(100) DEFAULT NULL,
  `adopt2` varchar(100) DEFAULT NULL,
  `adopt3` varchar(100) DEFAULT NULL,
  `adopt4` varchar(100) DEFAULT NULL,
  `phone1` varchar(100) DEFAULT NULL,
  `phone2` varchar(100) DEFAULT NULL,
  `phone3` varchar(100) DEFAULT NULL,
  `phone4` varchar(100) DEFAULT NULL,
  `reserve1` varchar(100) DEFAULT NULL,
  `story` varchar(300) NOT NULL,
  `habbit` varchar(300) NOT NULL
) ENGINE=InnoDB DEFAULT CHARSET=utf8mb4 COLLATE=utf8mb4_general_ci;

--
-- 傾印資料表的資料 `pet_info`
--

INSERT INTO `pet_info` (`pet_id`, `name`, `tag`, `age`, `type`, `weight`, `gender`, `breeds`, `color`, `adopted`, `state`, `fixed`, `microchip`, `vaccine`, `deworm`, `personality_type`, `sign`, `blue`, `favorite`, `pee`, `skin`, `disability`, `blind`, `adopt1`, `adopt2`, `adopt3`, `adopt4`, `phone1`, `phone2`, `phone3`, `phone4`, `reserve1`, `story`, `habbit`) VALUES
(10001, '露露', '太陽小精靈', 2, '狗狗', 5, '男生', '混種犬', '棕色', 0, '歡迎帶我回家', 1, 1, 0, 0, '自信型', '雙子座', 0, 0, 0, 0, 0, 0, '10001-1', '10001-2', '10001-3', '10001-4', '10001-1p', '10001-2p', '10001-3p', '10001-4p', '10001-5', '一隻棕色混種犬在收容所中等待著遇見新主人。它的眼神充滿期待，身體卻因長時間的等待而有些疲憊。每日靜靜地注視著外面的世界，希望有人能給予它一個永遠的家，一份溫暖的愛。', '每天早晨在籠舍裡舒展身軀，期待外面的陽光。午後，它享受散步，嗅著每一個角落的氣味。夜晚，它安靜地蜷曲在角落，凝視著閃爍的星空，期待著被一雙溫暖的手接回家。'),
(10002, '馬克斯', '愛跑跳小夥伴', 3, '貓貓', 6, '女生', '米克斯', '橘色', 0, '歡迎帶我回家', 1, 0, 1, 0, '獨立型', '天秤座', 0, 0, 0, 0, 0, 0, '10002-1', '10002-2', '10002-3', '10002-4', '10002-1p', '10002-2p', '10002-3p', '10002-4p', '10002-5', '在收容所的角落，一隻橘色貓貓默默等待著被領養。它的眼眸充滿渴望，身體彷彿隨時準備好迎接新的家。每天都在靜靜期盼，希望有一天能有人願意給予它一份溫暖的愛和家。', '每天清晨在陽光下舒展身軀，午後喜歡在窗邊曬太陽。它愛玩耍，追逐光點和飄動的線。晚上，它總是蜷縮在軟軟的床上，靜靜地享受安逸的夜晚，期待著明天的到來。'),
(10003, '寶貝', '幸福甜心寶', 1, '狗狗', 8, '男生', '混種犬', '黑色', 0, '歡迎帶我回家', 0, 1, 1, 1, '獨立型', '獅子座', 1, 0, 0, 0, 0, 0, '10003-1', '10003-2', '10003-3', '10003-4', '10003-1p', '10003-2p', '10003-3p', '10003-4p', '\n10003-5 \n', '在收容所內期待著一位愛牠的主人。它的眼神充滿期待，身體總是靜靜地等待著。每天，牠都靜靜地注視著門外的人來人往，希望有人能給牠一個溫暖的家，陪伴牠走過一生。', '每天早晨在籠舍裡舔拭毛皮，期待外面的世界。午後，喜歡在院子裡奔跑追逐球。夜晚，它安靜地蜷曲在床上，聆聽著悠揚的音樂，渴望被一雙溫暖的手接回家。'),
(10004, '花花', '繽紛花仙子', 2, '貓貓', 5, '女生', '米克斯', '灰色', 0, '歡迎帶我回家', 1, 0, 0, 1, '樂天型', '天蠍座', 0, 0, 0, 0, 0, 0, '10004-1', '10004-2', '10004-3', '10004-4', '10004-1p', '10004-2p', '10004-3p', '10004-4p', '10004-5', '在一個角落，一隻灰色的貓咪注視著收容所外的人來人往。每日徘徊於希望與失望之間，期待著一對溫暖的手帶她回家。她靜靜等待，深信終有一天，會有一位好心人把她從孤獨中解救出來，給予她一份屬於自己的幸福。', '她每天早晨在陽光下打盹，午後則喜歡窩在舒適的角落打盹。她喜歡玩耍，偶爾會追逐飛舞的羽毛。晚上，她喜歡貼近溫暖的窩，安靜地注視著外面的世界，夢想著屬於自己的家。'),
(10005, '貝拉', '星空美夢主人', 3, '狗狗', 10, '男生', '鬆獅犬', '淺棕色', 1, '', 1, 1, 1, 0, '樂天型', '巨蟹座', 0, 0, 0, 0, 1, 0, '20001-1.jpg', '', '', '', '', '', '', '', '', '牠與家人相處融洽，每天都充滿歡笑與快樂。在家裡，牠喜歡蜷曲在主人身旁，享受愛與關懷。這個家成為了牠永遠的歸宿，牠也終於找到了真正的幸福。', '每天早晨在主人的床邊舔拭毛皮，午後喜歡散步公園，與其他狗狗玩耍。牠享受被擁抱，常常躺在主人腿上。夜晚，牠安心入睡在溫暖的床上，享受家庭的溫馨氛圍。'),
(10006, '大福', '滿滿幸福感', 4, '貓貓', 9, '女生', '三花貓', '橘黑', 0, '先暫停認養哦', 0, 1, 0, 1, '樂天型', '水瓶座', 0, 1, 0, 0, 0, 0, '10005-1', '10005-2', '10005-3', '10005-4', '10005-1p', '10005-2p', '10005-3p', '10005-4p', '10005-5', '它的眼神充滿期待，身體總是靜靜等待。每日，它默默觀察著陌生的面孔，希望有人能給予牠一個永遠的家，一份溫暖的愛。', '每天清晨在窗邊迎接第一縷陽光，午後喜歡在陽臺曬太陽。它愛捕捉玩具和狩獵飛舞的羽毛。夜晚，它總是在主人的床上打盹，享受安心的睡眠，夢想著有人將牠帶回家。'),
(10007, '咖啡', '告別憂鬱帥哥', 5, '狗狗', 13, '男生', '混種犬', '黑色', 1, '', 0, 1, 1, 1, '自信型', '雙魚座', 0, 0, 0, 0, 0, 0, '20002-1.jpg', '', '', '', '', '', '', '', '', '已經找到了永遠的家。牠與新家人相處融洽，展現出自信的姿態。每天，牠在家中快樂地嬉戲，與家人建立了深厚的情感聯繫。這個家將是牠永遠的歸宿，充滿了愛和溫暖。', '每天早晨與主人一同晨運，展現出活力和自信。午後，喜歡在後院奔跑追逐球。牠喜歡與家人互動，常常跟著主人走到哪兒。夜晚，安靜地蜷曲在主人的腿旁，享受溫暖的家庭氛圍。'),
(10008, '小雪', '飄雪可愛神仙', 6, '貓貓', 9, '女生', '米克斯', '橘色', 0, '歡迎帶我回家', 1, 0, 1, 0, '樂天型', '白羊座', 1, 0, 0, 0, 0, 0, '10006-1', '10006-2', '10006-3', '10006-4', '10006-1p', '10006-2p', '10006-3p', '10006-4p', '10006-5', '它樂觀開朗，總是展現出活力和好奇心。每天，它靜靜地等待，相信總有一天會有人來給牠一個溫暖的家，與牠分享愛和關懷。', '每天早晨在窗邊曬太陽，午後喜歡在家中各處嬉戲追逐。它喜歡與人互動，摩挲著腿，發出咕嚕聲。夜晚，它蜷曲在軟軟的窩裡，安心入睡，夢想著有人將牠帶回家。'),
(10009, '皮皮', '活潑搗蛋王', 7, '狗狗', 15, '男生', '柯基', '淺棕色', 0, '歡迎帶我回家', 1, 1, 0, 1, '樂天型', '射手座', 0, 0, 0, 1, 0, 0, '10007-1', '10007-2', '10007-3', '10007-4', '10007-1p', '10007-2p', '10007-3p', '10007-4p', '10007-5', '它擁有溫馴的性格，總是樂於與人親近。每日，它靜靜地期待著，相信終有一天會有人給牠一個永遠的家，一份溫暖的愛。', '每天早晨在籠舍裡伸展身軀，期待外面的世界。午後，享受散步，嗅著每一個角落的氣味。它喜歡與其他狗狗玩耍，尤其喜歡追逐球。夜晚，它安靜地蜷曲在床上，等待被一雙溫暖的手帶回家。'),
(10010, '珍珠', '海底公主寶貝', 2, '貓貓', 4, '女生', '米克斯', '黑白', 1, '', 0, 1, 1, 0, '敏感型', '金牛座', 0, 0, 0, 0, 0, 0, '20003-1.jpg', '20003-2.jpg', '20003-3.jpg', '20003-4.jpg', '20003-5.jpg', '', '', '', '', '牠在新家中展現出溫柔的性格，與家人建立了深厚的情感聯繫。每天，牠享受著家庭的溫暖，安心地打盹在陽光下，期待著與家人共度每一天的愉快時光。', '每天早晨在陽光下舒展身軀，午後喜歡在窗邊曬太陽。牠喜歡安靜的環境，常躲在窩中休息。牠喜歡與主人親近，常在腿上打盹。夜晚，牠在床邊溫暖的毯子上入睡，享受家的溫馨。'),
(10011, '招財', '撿錢小能手', 9, '狗狗', 17, '男生', '混種犬', '棕色', 0, '歡迎帶我回家', 1, 0, 1, 1, '自信型', '摩羯座', 0, 0, 1, 0, 0, 1, '10008-1', '10008-2', '10008-3', '10008-4', '10008-1p', '10008-2p', '10008-3p', '10008-4p', '10008-5', '它與眾不同的氣質吸引著每一個人。每日，它坦然地等待著，相信終有一天會有一個人給予牠一個永遠的家，一份溫暖的愛。', '午後，享受散步，展現出優雅的步態。它喜歡與其他狗狗互動，展現出友善的性格。夜晚，安靜地蜷曲在床上，期待著一個永遠的家。'),
(10012, '嘟嘟', '溫柔貓咪球', 10, '貓貓', 5, '女生', '米克斯', '灰色', 0, '歡迎帶我回家', 1, 1, 0, 1, '敏感型', '天秤座', 0, 0, 0, 0, 0, 0, '10009-1', '10009-2', '10009-3', '10009-4', '10009-1p', '10009-2p', '10009-3p', '10009-4p', '\n10009--5\n', '靜靜地等待著新的家。牠的眼神充滿著柔情與期盼，時常對陌生人展現出親近的姿態。每天，牠都在默默地期待，相信總有一天會有人給予牠一份溫暖的愛和家。', '每天早晨在窗邊靜靜凝視著外面的景色，午後喜歡在陽光下打盹。牠喜歡安靜的環境，時常躲在角落，遠離嘈雜。夜晚，牠喜歡在主人的腿上打盹，享受溫暖的氛圍，期待著被一雙溫柔的手接回家。'),
(10013, '寶寶', '快樂小甜心', 2, '狗狗', 14, '男生', '混種犬', '棕色', 1, '', 0, 1, 1, 1, '樂天型', '天蠍座', 0, 0, 0, 0, 0, 0, '20004-1.jpg', '', '', '', '', '', '', '', '', '牠與新家人相處融洽，展現出快樂的態度。每天，牠在家中歡快地奔跑玩耍，帶給家人無盡的歡樂。這個家將是牠永遠的歸宿，充滿了愛和幸福。', '每天早晨在主人的床邊歡迎新的一天，午後喜歡在後院奔跑追逐球。牠喜歡與家人互動，常常跟著主人走到哪兒。夜晚，安靜地蜷曲在溫暖的窩中入睡，享受家的溫馨氛圍。'),
(10014, '小白', '陽光白雲朵', 3, '貓貓', 7, '女生', '三花貓', '橘黑', 1, '', 1, 0, 1, 0, '樂天型', '雙子座', 0, 1, 0, 0, 0, 0, '20005-1.jpg', '', '', '', '', '', '', '', '', '牠與新家人相處融洽，展現出快樂的態度。每天，牠在家中歡快地嬉戲，帶給家人無盡的歡樂。這個家將是牠永遠的歸宿，充滿了愛和幸福。', '每天早晨在窗邊迎接第一縷陽光，午後喜歡在家中各處嬉戲追逐。牠喜歡捕捉玩具和狩獵飛舞的羽毛。夜晚，安靜地蜷曲在主人的懷中入睡，享受家庭的溫暖。'),
(10015, '橘子', '暖心果汁獵人', 1, '狗狗', 5, '男生', '混種犬', '黑色', 1, '', 1, 1, 0, 1, '樂天型', '水瓶座', 1, 0, 0, 0, 0, 0, '20006-1.jpg', '', '', '', '', '', '', '', '', '牠擁有陽光般的笑容，總是用快樂的態度迎接每一天。每日，牠靜靜地期待，相信總有一天會有人給予牠一個永遠的家，一份溫暖的愛。', '午後喜歡在戶外奔跑追逐球。牠喜歡與其他狗狗玩耍，展現友善的性格。夜晚，牠安靜地蜷曲在溫暖的窩中入睡，期待著有人將牠帶回家。'),
(10016, '玫瑰', '優雅花仙子', 2, '貓貓', 5, '女生', '米克斯', '橘色', 1, '', 0, 1, 1, 1, '獨立型', '巨蟹座', 0, 0, 0, 0, 0, 0, '20007-1.jpg', '', '', '', '', '', '', '', '', '牠在新家中展現出自信的個性，總是獨立自主地行動。每天，牠在家中自由自在地遊走，享受著屬於自己的領地。這個家將是牠永遠的歸宿，充滿了安寧和自由。', '每天早晨在窗邊曬太陽，午後喜歡在家中各處探索環境。牠喜歡獨自玩耍，常在家中角落或高處休息。夜晚，牠獨自在床上蜷曲入睡，享受安靜的夜晚。'),
(10017, '雷霆', '熱情閃電王', 3, '狗狗', 15, '男生', '混種犬', '深棕色', 1, '', 0, 0, 0, 0, '樂天型', '射手座', 0, 0, 1, 0, 0, 0, '20008-1.jpg', '', '', '', '', '', '', '', '', '牠在新家中展現出開朗的性格，總是帶著微笑。每天，牠在家中快樂地奔跑嬉戲，帶給家人無盡的歡樂。這個家將是牠永遠的歸宿，充滿了愛和幸福。', '每天早晨在陽光下迎接新的一天，午後喜歡在後院奔跑玩耍。牠喜歡與家人互動，常跟著主人一同散步。夜晚，安靜地蜷曲在床上入睡，享受家庭的溫馨。'),
(10018, '棉花', '柔軟綿綿球', 4, '貓貓', 6, '女生', '米克斯', '灰色', 0, '先暫停認養哦', 1, 1, 1, 1, '敏感型', '獅子座', 0, 0, 0, 0, 0, 0, '10010-1', '10010-2', '10010-3', '10010-4', '10010-1p', '10010-2p', '10010-3p', '10010-4p', '10010-5', '牠在新家中展現出溫柔的特質，時常用溫柔的眼神看著家人。每天，牠在家中享受著安逸的生活，與家人建立了深厚的情感聯繫。這個家將是牠永遠的歸宿，充滿了愛和關懷。', '每天早晨在主人的懷中舒適地醒來，午後喜歡在陽光下散步放鬆身心。牠喜歡安靜的環境，常在家中角落或窩中休息。夜晚，安靜地蜷曲在床上入睡，享受安穩的夜晚。'),
(10019, '小美', '甜蜜小美人', 5, '狗狗', 17, '男生', '混種犬', '深灰色', 1, '', 1, 0, 1, 1, '樂天型', '雙魚座', 0, 0, 0, 0, 0, 0, '20009-1.jpg', '', '', '', '', '', '', '', '', '牠在新家中展現出快樂的性格，總是帶著微笑。每天，牠在家中快樂地嬉戲，與家人建立了深厚的情感聯繫。這個家將是牠永遠的歸宿，充滿了愛和幸福。', '早晨在陽光下舒展身軀，午後喜歡在後院奔跑嬉戲。牠喜歡與家人互動，常在腳邊陪伴。夜晚，安靜地蜷曲在溫暖的窩中入睡，享受家庭的溫馨氛圍。'),
(10020, '榮榮', '超級主宰者', 6, '貓貓', 7, '女生', '三花貓', '橘黑', 1, '', 0, 1, 0, 0, '自信型', '摩羯座', 0, 0, 0, 0, 0, 0, '20010-1.jpg', '', '', '', '', '', '', '', '', '牠在新家中展現出堅定的性格，總是自信地走來。每天，牠在家中自由自在地遊走，展現出優雅的舉止。這個家將是牠永遠的歸宿，充滿了愛和自信。', '每天早晨在陽光下打盹，午後喜歡在家中各處探索。牠喜歡獨自玩耍，時常躲在高處或角落。牠喜歡被撫摸，常蜷曲在主人懷中。夜晚，安靜地在床上休息，享受寧靜的夜晚。'),
(10021, '布布', '太陽小精靈', 2, '狗狗', 5, '男生', '混種犬', '棕色', 1, '', 1, 1, 0, 0, '自信型', '金牛座', 0, 0, 0, 0, 0, 0, '20011-1.jpg', '', '', '', '', '', '', '', '', '一隻黑色混種犬在收容所中等待著遇見新主人。它的眼神充滿期待，身體卻因長時間的等待而有些疲憊。每日靜靜地注視著外面的世界，希望有人能給予它一個永遠的家，一份溫暖的愛。', '每天早晨在籠舍裡舒展身軀，期待外面的陽光。午後，它享受散步，嗅著每一個角落的氣味。夜晚，它安靜地蜷曲在角落，凝視著閃爍的星空，期待著被一雙溫暖的手接回家。'),
(10022, '毛毛', '愛跑跳小夥伴', 3, '貓貓', 6, '女生', '米克斯', '橘色', 1, '', 1, 0, 1, 0, '獨立型', '白羊座', 0, 0, 0, 0, 0, 0, '20012-1.jpg', '', '', '', '', '', '', '', '', '在收容所的角落，一隻橘色貓貓默默等待著被領養。它的眼眸充滿渴望，身體彷彿隨時準備好迎接新的家。每天都在靜靜期盼，希望有一天能有人願意給予它一份溫暖的愛和家。', '每天清晨在陽光下舒展身軀，午後喜歡在窗邊曬太陽。它愛玩耍，追逐光點和飄動的線。晚上，它總是蜷縮在軟軟的床上，靜靜地享受安逸的夜晚，期待著明天的到來。'),
(10023, '拉拉', '幸福甜心寶', 1, '狗狗', 8, '男生', '混種犬', '黑色', 1, '', 0, 1, 1, 1, '獨立型', '天秤座', 1, 0, 0, 0, 0, 0, '20013-1.jpg', '', '', '', '', '', '', '', '', '在收容所內期待著一位愛牠的主人。它的眼神充滿期待，身體總是靜靜地等待著。每天，牠都靜靜地注視著門外的人來人往，希望有人能給牠一個溫暖的家，陪伴牠走過一生。', '每天早晨在籠舍裡舔拭毛皮，期待外面的世界。午後，喜歡在院子裡奔跑追逐球。夜晚，它安靜地蜷曲在床上，聆聽著悠揚的音樂，渴望被一雙溫暖的手接回家。'),
(10024, '咪嚕', '繽紛花仙子', 2, '貓貓', 5, '女生', '米克斯', '灰色', 1, '', 1, 0, 0, 1, '樂天型', '射手座', 0, 0, 0, 0, 0, 0, '20014-1.jpg', '', '', '', '', '', '', '', '', '在一個角落，一隻灰色的貓咪注視著收容所外的人來人往。每日徘徊於希望與失望之間，期待著一對溫暖的手帶她回家。她靜靜等待，深信終有一天，會有一位好心人把她從孤獨中解救出來，給予她一份屬於自己的幸福。', '她每天早晨在陽光下打盹，午後則喜歡窩在舒適的角落打盹。她喜歡玩耍，偶爾會追逐飛舞的羽毛。晚上，她喜歡貼近溫暖的窩，安靜地注視著外面的世界，夢想著屬於自己的家。'),
(10025, '露露', '太陽小精靈', 2, '狗狗', 5, '男生', '混種犬', '棕色', 0, '歡迎帶我回家', 1, 1, 0, 0, '自信型', '天蠍座', 0, 0, 0, 0, 0, 0, '10001-1', '10001-2', '10001-3', '10001-4', '10001-1p', '10001-2p', '10001-3p', '10001-4p', '10001-5', '一隻黑色混種犬在收容所中等待著遇見新主人。它的眼神充滿期待，身體卻因長時間的等待而有些疲憊。每日靜靜地注視著外面的世界，希望有人能給予它一個永遠的家，一份溫暖的愛。', '每天早晨在籠舍裡舒展身軀，期待外面的陽光。午後，它享受散步，嗅著每一個角落的氣味。夜晚，它安靜地蜷曲在角落，凝視著閃爍的星空，期待著被一雙溫暖的手接回家。'),
(10026, '馬克斯', '愛跑跳小夥伴', 3, '貓貓', 6, '女生', '米克斯', '橘色', 0, '歡迎帶我回家', 1, 0, 1, 0, '獨立型', '水瓶座', 0, 0, 0, 0, 0, 0, '10002-1', '10002-2', '10002-3', '10002-4', '10002-1p', '10002-2p', '10002-3p', '10002-4p', '10002-5', '在收容所的角落，一隻橘色貓貓默默等待著被領養。它的眼眸充滿渴望，身體彷彿隨時準備好迎接新的家。每天都在靜靜期盼，希望有一天能有人願意給予它一份溫暖的愛和家。', '每天清晨在陽光下舒展身軀，午後喜歡在窗邊曬太陽。它愛玩耍，追逐光點和飄動的線。晚上，它總是蜷縮在軟軟的床上，靜靜地享受安逸的夜晚，期待著明天的到來。'),
(10027, '寶貝', '幸福甜心寶', 1, '狗狗', 8, '男生', '混種犬', '黑色', 0, '歡迎帶我回家', 0, 1, 1, 1, '獨立型', '雙魚座', 1, 0, 0, 0, 0, 0, '10003-1', '10003-2', '10003-3', '10003-4', '10003-1p', '10003-2p', '10003-3p', '10003-4p', '\n10003-5 \n', '在收容所內期待著一位愛牠的主人。它的眼神充滿期待，身體總是靜靜地等待著。每天，牠都靜靜地注視著門外的人來人往，希望有人能給牠一個溫暖的家，陪伴牠走過一生。', '每天早晨在籠舍裡舔拭毛皮，期待外面的世界。午後，喜歡在院子裡奔跑追逐球。夜晚，它安靜地蜷曲在床上，聆聽著悠揚的音樂，渴望被一雙溫暖的手接回家。'),
(10028, '花花', '繽紛花仙子', 2, '貓貓', 5, '女生', '米克斯', '灰色', 0, '歡迎帶我回家', 1, 0, 0, 1, '樂天型', '獅子座', 0, 0, 0, 0, 0, 0, '10004-1', '10004-2', '10004-3', '10004-4', '10004-1p', '10004-2p', '10004-3p', '10004-4p', '10004-5', '在一個角落，一隻灰色的貓咪注視著收容所外的人來人往。每日徘徊於希望與失望之間，期待著一對溫暖的手帶她回家。她靜靜等待，深信終有一天，會有一位好心人把她從孤獨中解救出來，給予她一份屬於自己的幸福。', '她每天早晨在陽光下打盹，午後則喜歡窩在舒適的角落打盹。她喜歡玩耍，偶爾會追逐飛舞的羽毛。晚上，她喜歡貼近溫暖的窩，安靜地注視著外面的世界，夢想著屬於自己的家。'),
(10029, '貝拉', '星空美夢主人', 3, '狗狗', 10, '男生', '鬆獅犬', '淺棕色', 1, '', 1, 1, 1, 0, '樂天型', '金牛座', 0, 0, 0, 0, 1, 0, '20001-1.jpg', '', '', '', '', '', '', '', '', '牠與家人相處融洽，每天都充滿歡笑與快樂。在家裡，牠喜歡蜷曲在主人身旁，享受愛與關懷。這個家成為了牠永遠的歸宿，牠也終於找到了真正的幸福。', '每天早晨在主人的床邊舔拭毛皮，午後喜歡散步公園，與其他狗狗玩耍。牠享受被擁抱，常常躺在主人腿上。夜晚，牠安心入睡在溫暖的床上，享受家庭的溫馨氛圍。'),
(10030, '大福', '滿滿幸福感', 4, '貓貓', 9, '女生', '三花貓', '橘黑', 0, '先暫停認養哦', 0, 1, 0, 1, '樂天型', '巨蟹座', 0, 1, 0, 0, 0, 0, '10005-1', '10005-2', '10005-3', '10005-4', '10005-1p', '10005-2p', '10005-3p', '10005-4p', '10005-5', '它的眼神充滿期待，身體總是靜靜等待。每日，它默默觀察著陌生的面孔，希望有人能給予牠一個永遠的家，一份溫暖的愛。', '每天清晨在窗邊迎接第一縷陽光，午後喜歡在陽臺曬太陽。它愛捕捉玩具和狩獵飛舞的羽毛。夜晚，它總是在主人的床上打盹，享受安心的睡眠，夢想著有人將牠帶回家。'),
(10031, '咖啡', '告別憂鬱帥哥', 5, '狗狗', 13, '男生', '混種犬', '黑色', 1, '', 0, 1, 1, 1, '自信型', '雙子座', 0, 0, 0, 0, 0, 0, '20002-1.jpg', '', '', '', '', '', '', '', '', '已經找到了永遠的家。牠與新家人相處融洽，展現出自信的姿態。每天，牠在家中快樂地嬉戲，與家人建立了深厚的情感聯繫。這個家將是牠永遠的歸宿，充滿了愛和溫暖。', '每天早晨與主人一同晨運，展現出活力和自信。午後，喜歡在後院奔跑追逐球。牠喜歡與家人互動，常常跟著主人走到哪兒。夜晚，安靜地蜷曲在主人的腿旁，享受溫暖的家庭氛圍。'),
(10032, '小雪', '飄雪可愛神仙', 6, '貓貓', 9, '女生', '米克斯', '橘色', 0, '歡迎帶我回家', 1, 0, 1, 0, '樂天型', '天秤座', 1, 0, 0, 0, 0, 0, '10006-1', '10006-2', '10006-3', '10006-4', '10006-1p', '10006-2p', '10006-3p', '10006-4p', '10006-5', '它樂觀開朗，總是展現出活力和好奇心。每天，它靜靜地等待，相信總有一天會有人來給牠一個溫暖的家，與牠分享愛和關懷。', '每天早晨在窗邊曬太陽，午後喜歡在家中各處嬉戲追逐。它喜歡與人互動，摩挲著腿，發出咕嚕聲。夜晚，它蜷曲在軟軟的窩裡，安心入睡，夢想著有人將牠帶回家。'),
(10033, '皮皮', '活潑搗蛋王', 7, '狗狗', 15, '男生', '柯基', '淺棕色', 0, '歡迎帶我回家', 1, 1, 0, 1, '樂天型', '獅子座', 0, 0, 0, 1, 0, 0, '10007-1', '10007-2', '10007-3', '10007-4', '10007-1p', '10007-2p', '10007-3p', '10007-4p', '10007-5', '它擁有溫馴的性格，總是樂於與人親近。每日，它靜靜地期待著，相信終有一天會有人給牠一個永遠的家，一份溫暖的愛。', '每天早晨在籠舍裡伸展身軀，期待外面的世界。午後，享受散步，嗅著每一個角落的氣味。它喜歡與其他狗狗玩耍，尤其喜歡追逐球。夜晚，它安靜地蜷曲在床上，等待被一雙溫暖的手帶回家。'),
(10034, '珍珠', '海底公主寶貝', 2, '貓貓', 4, '女生', '米克斯', '黑白', 1, '', 0, 1, 1, 0, '敏感型', '天蠍座', 0, 0, 0, 0, 0, 0, '20003-1.jpg', '20003-2.jpg', '20003-3.jpg', '20003-4.jpg', '20003-5.jpg', '', '', '', '', '牠在新家中展現出溫柔的性格，與家人建立了深厚的情感聯繫。每天，牠享受著家庭的溫暖，安心地打盹在陽光下，期待著與家人共度每一天的愉快時光。', '每天早晨在陽光下舒展身軀，午後喜歡在窗邊曬太陽。牠喜歡安靜的環境，常躲在窩中休息。牠喜歡與主人親近，常在腿上打盹。夜晚，牠在床邊溫暖的毯子上入睡，享受家的溫馨。'),
(10035, '招財', '撿錢小能手', 9, '狗狗', 17, '男生', '混種犬', '棕色', 0, '歡迎帶我回家', 1, 0, 1, 1, '自信型', '巨蟹座', 0, 0, 1, 0, 0, 1, '10008-1', '10008-2', '10008-3', '10008-4', '10008-1p', '10008-2p', '10008-3p', '10008-4p', '10008-5', '它與眾不同的氣質吸引著每一個人。每日，它坦然地等待著，相信終有一天會有一個人給予牠一個永遠的家，一份溫暖的愛。', '午後，享受散步，展現出優雅的步態。它喜歡與其他狗狗互動，展現出友善的性格。夜晚，安靜地蜷曲在床上，期待著一個永遠的家。'),
(10036, '嘟嘟', '溫柔貓咪球', 10, '貓貓', 5, '女生', '米克斯', '灰色', 0, '歡迎帶我回家', 1, 1, 0, 1, '敏感型', '水瓶座', 0, 0, 0, 0, 0, 0, '10009-1', '10009-2', '10009-3', '10009-4', '10009-1p', '10009-2p', '10009-3p', '10009-4p', '\n10009--5\n', '靜靜地等待著新的家。牠的眼神充滿著柔情與期盼，時常對陌生人展現出親近的姿態。每天，牠都在默默地期待，相信總有一天會有人給予牠一份溫暖的愛和家。', '每天早晨在窗邊靜靜凝視著外面的景色，午後喜歡在陽光下打盹。牠喜歡安靜的環境，時常躲在角落，遠離嘈雜。夜晚，牠喜歡在主人的腿上打盹，享受溫暖的氛圍，期待著被一雙溫柔的手接回家。'),
(10037, '寶寶', '快樂小甜心', 2, '狗狗', 14, '男生', '混種犬', '棕色', 1, '', 0, 1, 1, 1, '樂天型', '雙魚座', 0, 0, 0, 0, 0, 0, '20004-1.jpg', '', '', '', '', '', '', '', '', '牠與新家人相處融洽，展現出快樂的態度。每天，牠在家中歡快地奔跑玩耍，帶給家人無盡的歡樂。這個家將是牠永遠的歸宿，充滿了愛和幸福。', '每天早晨在主人的床邊歡迎新的一天，午後喜歡在後院奔跑追逐球。牠喜歡與家人互動，常常跟著主人走到哪兒。夜晚，安靜地蜷曲在溫暖的窩中入睡，享受家的溫馨氛圍。'),
(10038, '小白', '陽光白雲朵', 3, '貓貓', 7, '女生', '三花貓', '橘黑', 1, '', 1, 0, 1, 0, '樂天型', '白羊座', 0, 1, 0, 0, 0, 0, '20005-1.jpg', '', '', '', '', '', '', '', '', '牠與新家人相處融洽，展現出快樂的態度。每天，牠在家中歡快地嬉戲，帶給家人無盡的歡樂。這個家將是牠永遠的歸宿，充滿了愛和幸福。', '每天早晨在窗邊迎接第一縷陽光，午後喜歡在家中各處嬉戲追逐。牠喜歡捕捉玩具和狩獵飛舞的羽毛。夜晚，安靜地蜷曲在主人的懷中入睡，享受家庭的溫暖。'),
(10039, '橘子', '暖心果汁獵人', 1, '狗狗', 5, '男生', '混種犬', '黑色', 1, '', 1, 1, 0, 1, '樂天型', '射手座', 1, 0, 0, 0, 0, 0, '20006-1.jpg', '', '', '', '', '', '', '', '', '牠擁有陽光般的笑容，總是用快樂的態度迎接每一天。每日，牠靜靜地期待，相信總有一天會有人給予牠一個永遠的家，一份溫暖的愛。', '午後喜歡在戶外奔跑追逐球。牠喜歡與其他狗狗玩耍，展現友善的性格。夜晚，牠安靜地蜷曲在溫暖的窩中入睡，期待著有人將牠帶回家。'),
(10040, '玫瑰', '優雅花仙子', 2, '貓貓', 5, '女生', '米克斯', '橘色', 1, '', 0, 1, 1, 1, '獨立型', '金牛座', 0, 0, 0, 0, 0, 0, '20007-1.jpg', '', '', '', '', '', '', '', '', '牠在新家中展現出自信的個性，總是獨立自主地行動。每天，牠在家中自由自在地遊走，享受著屬於自己的領地。這個家將是牠永遠的歸宿，充滿了安寧和自由。', '每天早晨在窗邊曬太陽，午後喜歡在家中各處探索環境。牠喜歡獨自玩耍，常在家中角落或高處休息。夜晚，牠獨自在床上蜷曲入睡，享受安靜的夜晚。'),
(10041, '雷霆', '熱情閃電王', 3, '狗狗', 15, '男生', '混種犬', '深棕色', 1, '', 0, 0, 0, 0, '樂天型', '摩羯座', 0, 0, 1, 0, 0, 0, '20008-1.jpg', '', '', '', '', '', '', '', '', '牠在新家中展現出開朗的性格，總是帶著微笑。每天，牠在家中快樂地奔跑嬉戲，帶給家人無盡的歡樂。這個家將是牠永遠的歸宿，充滿了愛和幸福。', '每天早晨在陽光下迎接新的一天，午後喜歡在後院奔跑玩耍。牠喜歡與家人互動，常跟著主人一同散步。夜晚，安靜地蜷曲在床上入睡，享受家庭的溫馨。'),
(10042, '棉花', '柔軟綿綿球', 4, '貓貓', 6, '女生', '米克斯', '灰色', 0, '先暫停認養哦', 1, 1, 1, 1, '敏感型', '天秤座', 0, 0, 0, 0, 0, 0, '10010-1', '10010-2', '10010-3', '10010-4', '10010-1p', '10010-2p', '10010-3p', '10010-4p', '10010-5', '牠在新家中展現出溫柔的特質，時常用溫柔的眼神看著家人。每天，牠在家中享受著安逸的生活，與家人建立了深厚的情感聯繫。這個家將是牠永遠的歸宿，充滿了愛和關懷。', '每天早晨在主人的懷中舒適地醒來，午後喜歡在陽光下散步放鬆身心。牠喜歡安靜的環境，常在家中角落或窩中休息。夜晚，安靜地蜷曲在床上入睡，享受安穩的夜晚。'),
(10043, '小美', '甜蜜小美人', 5, '狗狗', 17, '男生', '混種犬', '深灰色', 1, '', 1, 0, 1, 1, '樂天型', '天蠍座', 0, 0, 0, 0, 0, 0, '20009-1.jpg', '', '', '', '', '', '', '', '', '牠在新家中展現出快樂的性格，總是帶著微笑。每天，牠在家中快樂地嬉戲，與家人建立了深厚的情感聯繫。這個家將是牠永遠的歸宿，充滿了愛和幸福。', '早晨在陽光下舒展身軀，午後喜歡在後院奔跑嬉戲。牠喜歡與家人互動，常在腳邊陪伴。夜晚，安靜地蜷曲在溫暖的窩中入睡，享受家庭的溫馨氛圍。'),
(10044, '榮榮', '超級主宰者', 6, '貓貓', 7, '女生', '三花貓', '橘黑', 1, '', 0, 1, 0, 0, '自信型', '雙子座', 0, 0, 0, 0, 0, 0, '20010-1.jpg', '', '', '', '', '', '', '', '', '牠在新家中展現出堅定的性格，總是自信地走來。每天，牠在家中自由自在地遊走，展現出優雅的舉止。這個家將是牠永遠的歸宿，充滿了愛和自信。', '每天早晨在陽光下打盹，午後喜歡在家中各處探索。牠喜歡獨自玩耍，時常躲在高處或角落。牠喜歡被撫摸，常蜷曲在主人懷中。夜晚，安靜地在床上休息，享受寧靜的夜晚。'),
(10045, '布布', '太陽小精靈', 2, '狗狗', 5, '男生', '混種犬', '棕色', 1, '', 1, 1, 0, 0, '自信型', '水瓶座', 0, 0, 0, 0, 0, 0, '20011-1.jpg', '', '', '', '', '', '', '', '', '一隻黑色混種犬在收容所中等待著遇見新主人。它的眼神充滿期待，身體卻因長時間的等待而有些疲憊。每日靜靜地注視著外面的世界，希望有人能給予它一個永遠的家，一份溫暖的愛。', '每天早晨在籠舍裡舒展身軀，期待外面的陽光。午後，它享受散步，嗅著每一個角落的氣味。夜晚，它安靜地蜷曲在角落，凝視著閃爍的星空，期待著被一雙溫暖的手接回家。'),
(10046, '毛毛', '愛跑跳小夥伴', 3, '貓貓', 6, '女生', '米克斯', '橘色', 1, '', 1, 0, 1, 0, '獨立型', '巨蟹座', 0, 0, 0, 0, 0, 0, '20012-1.jpg', '', '', '', '', '', '', '', '', '在收容所的角落，一隻橘色貓貓默默等待著被領養。它的眼眸充滿渴望，身體彷彿隨時準備好迎接新的家。每天都在靜靜期盼，希望有一天能有人願意給予它一份溫暖的愛和家。', '每天清晨在陽光下舒展身軀，午後喜歡在窗邊曬太陽。它愛玩耍，追逐光點和飄動的線。晚上，它總是蜷縮在軟軟的床上，靜靜地享受安逸的夜晚，期待著明天的到來。'),
(10047, '拉拉', '幸福甜心寶', 1, '狗狗', 8, '男生', '混種犬', '黑色', 1, '', 0, 1, 1, 1, '獨立型', '射手座', 1, 0, 0, 0, 0, 0, '20013-1.jpg', '', '', '', '', '', '', '', '', '在收容所內期待著一位愛牠的主人。它的眼神充滿期待，身體總是靜靜地等待著。每天，牠都靜靜地注視著門外的人來人往，希望有人能給牠一個溫暖的家，陪伴牠走過一生。', '每天早晨在籠舍裡舔拭毛皮，期待外面的世界。午後，喜歡在院子裡奔跑追逐球。夜晚，它安靜地蜷曲在床上，聆聽著悠揚的音樂，渴望被一雙溫暖的手接回家。'),
(10048, '咪嚕', '繽紛花仙子', 2, '貓貓', 5, '女生', '米克斯', '灰色', 1, '', 1, 0, 0, 1, '樂天型', '獅子座', 0, 0, 0, 0, 0, 0, '20014-1.jpg', '', '', '', '', '', '', '', '', '在一個角落，一隻灰色的貓咪注視著收容所外的人來人往。每日徘徊於希望與失望之間，期待著一對溫暖的手帶她回家。她靜靜等待，深信終有一天，會有一位好心人把她從孤獨中解救出來，給予她一份屬於自己的幸福。', '她每天早晨在陽光下打盹，午後則喜歡窩在舒適的角落打盹。她喜歡玩耍，偶爾會追逐飛舞的羽毛。晚上，她喜歡貼近溫暖的窩，安靜地注視著外面的世界，夢想著屬於自己的家。'),
(10049, '露露', '太陽小精靈', 2, '狗狗', 5, '男生', '混種犬', '棕色', 0, '歡迎帶我回家', 1, 1, 0, 0, '自信型', '雙魚座', 0, 0, 0, 0, 0, 0, '10001-1', '10001-2', '10001-3', '10001-4', '10001-1p', '10001-2p', '10001-3p', '10001-4p', '10001-5', '一隻黑色混種犬在收容所中等待著遇見新主人。它的眼神充滿期待，身體卻因長時間的等待而有些疲憊。每日靜靜地注視著外面的世界，希望有人能給予它一個永遠的家，一份溫暖的愛。', '每天早晨在籠舍裡舒展身軀，期待外面的陽光。午後，它享受散步，嗅著每一個角落的氣味。夜晚，它安靜地蜷曲在角落，凝視著閃爍的星空，期待著被一雙溫暖的手接回家。'),
(10050, '馬克斯', '愛跑跳小夥伴', 3, '貓貓', 6, '女生', '米克斯', '橘色', 0, '歡迎帶我回家', 1, 0, 1, 0, '獨立型', '摩羯座', 0, 0, 0, 0, 0, 0, '10002-1', '10002-2', '10002-3', '10002-4', '10002-1p', '10002-2p', '10002-3p', '10002-4p', '10002-5', '在收容所的角落，一隻橘色貓貓默默等待著被領養。它的眼眸充滿渴望，身體彷彿隨時準備好迎接新的家。每天都在靜靜期盼，希望有一天能有人願意給予它一份溫暖的愛和家。', '每天清晨在陽光下舒展身軀，午後喜歡在窗邊曬太陽。它愛玩耍，追逐光點和飄動的線。晚上，它總是蜷縮在軟軟的床上，靜靜地享受安逸的夜晚，期待著明天的到來。'),
(10051, '寶貝', '幸福甜心寶', 1, '狗狗', 8, '男生', '混種犬', '黑色', 0, '歡迎帶我回家', 0, 1, 1, 1, '獨立型', '金牛座', 1, 0, 0, 0, 0, 0, '10003-1', '10003-2', '10003-3', '10003-4', '10003-1p', '10003-2p', '10003-3p', '10003-4p', '\n10003-5 \n', '在收容所內期待著一位愛牠的主人。它的眼神充滿期待，身體總是靜靜地等待著。每天，牠都靜靜地注視著門外的人來人往，希望有人能給牠一個溫暖的家，陪伴牠走過一生。', '每天早晨在籠舍裡舔拭毛皮，期待外面的世界。午後，喜歡在院子裡奔跑追逐球。夜晚，它安靜地蜷曲在床上，聆聽著悠揚的音樂，渴望被一雙溫暖的手接回家。'),
(10052, '花花', '繽紛花仙子', 2, '貓貓', 5, '女生', '米克斯', '灰色', 0, '歡迎帶我回家', 1, 0, 0, 1, '樂天型', '白羊座', 0, 0, 0, 0, 0, 0, '10004-1', '10004-2', '10004-3', '10004-4', '10004-1p', '10004-2p', '10004-3p', '10004-4p', '10004-5', '在一個角落，一隻灰色的貓咪注視著收容所外的人來人往。每日徘徊於希望與失望之間，期待著一對溫暖的手帶她回家。她靜靜等待，深信終有一天，會有一位好心人把她從孤獨中解救出來，給予她一份屬於自己的幸福。', '她每天早晨在陽光下打盹，午後則喜歡窩在舒適的角落打盹。她喜歡玩耍，偶爾會追逐飛舞的羽毛。晚上，她喜歡貼近溫暖的窩，安靜地注視著外面的世界，夢想著屬於自己的家。'),
(10053, '貝拉', '星空美夢主人', 3, '狗狗', 10, '男生', '鬆獅犬', '淺棕色', 1, '', 1, 1, 1, 0, '樂天型', '天秤座', 0, 0, 0, 0, 1, 0, '20001-1.jpg', '', '', '', '', '', '', '', '', '牠與家人相處融洽，每天都充滿歡笑與快樂。在家裡，牠喜歡蜷曲在主人身旁，享受愛與關懷。這個家成為了牠永遠的歸宿，牠也終於找到了真正的幸福。', '每天早晨在主人的床邊舔拭毛皮，午後喜歡散步公園，與其他狗狗玩耍。牠享受被擁抱，常常躺在主人腿上。夜晚，牠安心入睡在溫暖的床上，享受家庭的溫馨氛圍。'),
(10054, '大福', '滿滿幸福感', 4, '貓貓', 9, '女生', '三花貓', '橘黑', 0, '先暫停認養哦', 0, 1, 0, 1, '樂天型', '射手座', 0, 1, 0, 0, 0, 0, '10005-1', '10005-2', '10005-3', '10005-4', '10005-1p', '10005-2p', '10005-3p', '10005-4p', '10005-5', '它的眼神充滿期待，身體總是靜靜等待。每日，它默默觀察著陌生的面孔，希望有人能給予牠一個永遠的家，一份溫暖的愛。', '每天清晨在窗邊迎接第一縷陽光，午後喜歡在陽臺曬太陽。它愛捕捉玩具和狩獵飛舞的羽毛。夜晚，它總是在主人的床上打盹，享受安心的睡眠，夢想著有人將牠帶回家。'),
(10055, '咖啡', '告別憂鬱帥哥', 5, '狗狗', 13, '男生', '混種犬', '黑色', 1, '', 0, 1, 1, 1, '自信型', '天蠍座', 0, 0, 0, 0, 0, 0, '20002-1.jpg', '', '', '', '', '', '', '', '', '已經找到了永遠的家。牠與新家人相處融洽，展現出自信的姿態。每天，牠在家中快樂地嬉戲，與家人建立了深厚的情感聯繫。這個家將是牠永遠的歸宿，充滿了愛和溫暖。', '每天早晨與主人一同晨運，展現出活力和自信。午後，喜歡在後院奔跑追逐球。牠喜歡與家人互動，常常跟著主人走到哪兒。夜晚，安靜地蜷曲在主人的腿旁，享受溫暖的家庭氛圍。'),
(10056, '小雪', '飄雪可愛神仙', 6, '貓貓', 9, '女生', '米克斯', '橘色', 0, '歡迎帶我回家', 1, 0, 1, 0, '樂天型', '水瓶座', 1, 0, 0, 0, 0, 0, '10006-1', '10006-2', '10006-3', '10006-4', '10006-1p', '10006-2p', '10006-3p', '10006-4p', '10006-5', '它樂觀開朗，總是展現出活力和好奇心。每天，它靜靜地等待，相信總有一天會有人來給牠一個溫暖的家，與牠分享愛和關懷。', '每天早晨在窗邊曬太陽，午後喜歡在家中各處嬉戲追逐。它喜歡與人互動，摩挲著腿，發出咕嚕聲。夜晚，它蜷曲在軟軟的窩裡，安心入睡，夢想著有人將牠帶回家。'),
(10057, '皮皮', '活潑搗蛋王', 7, '狗狗', 15, '男生', '柯基', '淺棕色', 0, '歡迎帶我回家', 1, 1, 0, 1, '樂天型', '雙魚座', 0, 0, 0, 1, 0, 0, '10007-1', '10007-2', '10007-3', '10007-4', '10007-1p', '10007-2p', '10007-3p', '10007-4p', '10007-5', '它擁有溫馴的性格，總是樂於與人親近。每日，它靜靜地期待著，相信終有一天會有人給牠一個永遠的家，一份溫暖的愛。', '每天早晨在籠舍裡伸展身軀，期待外面的世界。午後，享受散步，嗅著每一個角落的氣味。它喜歡與其他狗狗玩耍，尤其喜歡追逐球。夜晚，它安靜地蜷曲在床上，等待被一雙溫暖的手帶回家。'),
(10058, '珍珠', '海底公主寶貝', 2, '貓貓', 4, '女生', '米克斯', '黑白', 1, '', 0, 1, 1, 0, '敏感型', '獅子座', 0, 0, 0, 0, 0, 0, '20003-1.jpg', '20003-2.jpg', '20003-3.jpg', '20003-4.jpg', '20003-5.jpg', '', '', '', '', '牠在新家中展現出溫柔的性格，與家人建立了深厚的情感聯繫。每天，牠享受著家庭的溫暖，安心地打盹在陽光下，期待著與家人共度每一天的愉快時光。', '每天早晨在陽光下舒展身軀，午後喜歡在窗邊曬太陽。牠喜歡安靜的環境，常躲在窩中休息。牠喜歡與主人親近，常在腿上打盹。夜晚，牠在床邊溫暖的毯子上入睡，享受家的溫馨。'),
(10059, '招財', '撿錢小能手', 9, '狗狗', 17, '男生', '混種犬', '棕色', 0, '歡迎帶我回家', 1, 0, 1, 1, '自信型', '金牛座', 0, 0, 1, 0, 0, 1, '10008-1', '10008-2', '10008-3', '10008-4', '10008-1p', '10008-2p', '10008-3p', '10008-4p', '10008-5', '它與眾不同的氣質吸引著每一個人。每日，它坦然地等待著，相信終有一天會有一個人給予牠一個永遠的家，一份溫暖的愛。', '午後，享受散步，展現出優雅的步態。它喜歡與其他狗狗互動，展現出友善的性格。夜晚，安靜地蜷曲在床上，期待著一個永遠的家。'),
(10060, '嘟嘟', '溫柔貓咪球', 10, '貓貓', 5, '女生', '米克斯', '灰色', 0, '歡迎帶我回家', 1, 1, 0, 1, '敏感型', '巨蟹座', 0, 0, 0, 0, 0, 0, '10009-1', '10009-2', '10009-3', '10009-4', '10009-1p', '10009-2p', '10009-3p', '10009-4p', '\n10009--5\n', '靜靜地等待著新的家。牠的眼神充滿著柔情與期盼，時常對陌生人展現出親近的姿態。每天，牠都在默默地期待，相信總有一天會有人給予牠一份溫暖的愛和家。', '每天早晨在窗邊靜靜凝視著外面的景色，午後喜歡在陽光下打盹。牠喜歡安靜的環境，時常躲在角落，遠離嘈雜。夜晚，牠喜歡在主人的腿上打盹，享受溫暖的氛圍，期待著被一雙溫柔的手接回家。'),
(10061, '寶寶', '快樂小甜心', 2, '狗狗', 14, '男生', '混種犬', '棕色', 1, '', 0, 1, 1, 1, '樂天型', '雙子座', 0, 0, 0, 0, 0, 0, '20004-1.jpg', '', '', '', '', '', '', '', '', '牠與新家人相處融洽，展現出快樂的態度。每天，牠在家中歡快地奔跑玩耍，帶給家人無盡的歡樂。這個家將是牠永遠的歸宿，充滿了愛和幸福。', '每天早晨在主人的床邊歡迎新的一天，午後喜歡在後院奔跑追逐球。牠喜歡與家人互動，常常跟著主人走到哪兒。夜晚，安靜地蜷曲在溫暖的窩中入睡，享受家的溫馨氛圍。'),
(10062, '小白', '陽光白雲朵', 3, '貓貓', 7, '女生', '三花貓', '橘黑', 1, '', 1, 0, 1, 0, '樂天型', '天秤座', 0, 1, 0, 0, 0, 0, '20005-1.jpg', '', '', '', '', '', '', '', '', '牠與新家人相處融洽，展現出快樂的態度。每天，牠在家中歡快地嬉戲，帶給家人無盡的歡樂。這個家將是牠永遠的歸宿，充滿了愛和幸福。', '每天早晨在窗邊迎接第一縷陽光，午後喜歡在家中各處嬉戲追逐。牠喜歡捕捉玩具和狩獵飛舞的羽毛。夜晚，安靜地蜷曲在主人的懷中入睡，享受家庭的溫暖。'),
(10063, '橘子', '暖心果汁獵人', 1, '狗狗', 5, '男生', '混種犬', '黑色', 1, '', 1, 1, 0, 1, '樂天型', '獅子座', 1, 0, 0, 0, 0, 0, '20006-1.jpg', '', '', '', '', '', '', '', '', '牠擁有陽光般的笑容，總是用快樂的態度迎接每一天。每日，牠靜靜地期待，相信總有一天會有人給予牠一個永遠的家，一份溫暖的愛。', '午後喜歡在戶外奔跑追逐球。牠喜歡與其他狗狗玩耍，展現友善的性格。夜晚，牠安靜地蜷曲在溫暖的窩中入睡，期待著有人將牠帶回家。'),
(10064, '玫瑰', '優雅花仙子', 2, '貓貓', 5, '女生', '米克斯', '橘色', 1, '', 0, 1, 1, 1, '獨立型', '天蠍座', 0, 0, 0, 0, 0, 0, '20007-1.jpg', '', '', '', '', '', '', '', '', '牠在新家中展現出自信的個性，總是獨立自主地行動。每天，牠在家中自由自在地遊走，享受著屬於自己的領地。這個家將是牠永遠的歸宿，充滿了安寧和自由。', '每天早晨在窗邊曬太陽，午後喜歡在家中各處探索環境。牠喜歡獨自玩耍，常在家中角落或高處休息。夜晚，牠獨自在床上蜷曲入睡，享受安靜的夜晚。'),
(10065, '雷霆', '熱情閃電王', 3, '狗狗', 15, '男生', '混種犬', '深棕色', 1, '', 0, 0, 0, 0, '樂天型', '巨蟹座', 0, 0, 1, 0, 0, 0, '20008-1.jpg', '', '', '', '', '', '', '', '', '牠在新家中展現出開朗的性格，總是帶著微笑。每天，牠在家中快樂地奔跑嬉戲，帶給家人無盡的歡樂。這個家將是牠永遠的歸宿，充滿了愛和幸福。', '每天早晨在陽光下迎接新的一天，午後喜歡在後院奔跑玩耍。牠喜歡與家人互動，常跟著主人一同散步。夜晚，安靜地蜷曲在床上入睡，享受家庭的溫馨。'),
(10066, '棉花', '柔軟綿綿球', 4, '貓貓', 6, '女生', '米克斯', '灰色', 0, '先暫停認養哦', 1, 1, 1, 1, '敏感型', '水瓶座', 0, 0, 0, 0, 0, 0, '10010-1', '10010-2', '10010-3', '10010-4', '10010-1p', '10010-2p', '10010-3p', '10010-4p', '10010-5', '牠在新家中展現出溫柔的特質，時常用溫柔的眼神看著家人。每天，牠在家中享受著安逸的生活，與家人建立了深厚的情感聯繫。這個家將是牠永遠的歸宿，充滿了愛和關懷。', '每天早晨在主人的懷中舒適地醒來，午後喜歡在陽光下散步放鬆身心。牠喜歡安靜的環境，常在家中角落或窩中休息。夜晚，安靜地蜷曲在床上入睡，享受安穩的夜晚。'),
(10067, '小美', '甜蜜小美人', 5, '狗狗', 17, '男生', '混種犬', '深灰色', 1, '', 1, 0, 1, 1, '樂天型', '雙魚座', 0, 0, 0, 0, 0, 0, '20009-1.jpg', '', '', '', '', '', '', '', '', '牠在新家中展現出快樂的性格，總是帶著微笑。每天，牠在家中快樂地嬉戲，與家人建立了深厚的情感聯繫。這個家將是牠永遠的歸宿，充滿了愛和幸福。', '早晨在陽光下舒展身軀，午後喜歡在後院奔跑嬉戲。牠喜歡與家人互動，常在腳邊陪伴。夜晚，安靜地蜷曲在溫暖的窩中入睡，享受家庭的溫馨氛圍。'),
(10068, '榮榮', '超級主宰者', 6, '貓貓', 7, '女生', '三花貓', '橘黑', 1, '', 0, 1, 0, 0, '自信型', '白羊座', 0, 0, 0, 0, 0, 0, '20010-1.jpg', '', '', '', '', '', '', '', '', '牠在新家中展現出堅定的性格，總是自信地走來。每天，牠在家中自由自在地遊走，展現出優雅的舉止。這個家將是牠永遠的歸宿，充滿了愛和自信。', '每天早晨在陽光下打盹，午後喜歡在家中各處探索。牠喜歡獨自玩耍，時常躲在高處或角落。牠喜歡被撫摸，常蜷曲在主人懷中。夜晚，安靜地在床上休息，享受寧靜的夜晚。'),
(10069, '布布', '太陽小精靈', 2, '狗狗', 5, '男生', '混種犬', '棕色', 1, '', 1, 1, 0, 0, '自信型', '射手座', 0, 0, 0, 0, 0, 0, '20011-1.jpg', '', '', '', '', '', '', '', '', '一隻黑色混種犬在收容所中等待著遇見新主人。它的眼神充滿期待，身體卻因長時間的等待而有些疲憊。每日靜靜地注視著外面的世界，希望有人能給予它一個永遠的家，一份溫暖的愛。', '每天早晨在籠舍裡舒展身軀，期待外面的陽光。午後，它享受散步，嗅著每一個角落的氣味。夜晚，它安靜地蜷曲在角落，凝視著閃爍的星空，期待著被一雙溫暖的手接回家。'),
(10070, '毛毛', '愛跑跳小夥伴', 3, '貓貓', 6, '女生', '米克斯', '橘色', 1, '', 1, 0, 1, 0, '獨立型', '金牛座', 0, 0, 0, 0, 0, 0, '20012-1.jpg', '', '', '', '', '', '', '', '', '在收容所的角落，一隻橘色貓貓默默等待著被領養。它的眼眸充滿渴望，身體彷彿隨時準備好迎接新的家。每天都在靜靜期盼，希望有一天能有人願意給予它一份溫暖的愛和家。', '每天清晨在陽光下舒展身軀，午後喜歡在窗邊曬太陽。它愛玩耍，追逐光點和飄動的線。晚上，它總是蜷縮在軟軟的床上，靜靜地享受安逸的夜晚，期待著明天的到來。'),
(10071, '拉拉', '幸福甜心寶', 1, '狗狗', 8, '男生', '混種犬', '黑色', 1, '', 0, 1, 1, 1, '獨立型', '摩羯座', 1, 0, 0, 0, 0, 0, '20013-1.jpg', '', '', '', '', '', '', '', '', '在收容所內期待著一位愛牠的主人。它的眼神充滿期待，身體總是靜靜地等待著。每天，牠都靜靜地注視著門外的人來人往，希望有人能給牠一個溫暖的家，陪伴牠走過一生。', '每天早晨在籠舍裡舔拭毛皮，期待外面的世界。午後，喜歡在院子裡奔跑追逐球。夜晚，它安靜地蜷曲在床上，聆聽著悠揚的音樂，渴望被一雙溫暖的手接回家。'),
(10072, '咪嚕', '繽紛花仙子', 2, '貓貓', 5, '女生', '米克斯', '灰色', 1, '', 1, 0, 0, 1, '樂天型', '天秤座', 0, 0, 0, 0, 0, 0, '20014-1.jpg', '', '', '', '', '', '', '', '', '在一個角落，一隻灰色的貓咪注視著收容所外的人來人往。每日徘徊於希望與失望之間，期待著一對溫暖的手帶她回家。她靜靜等待，深信終有一天，會有一位好心人把她從孤獨中解救出來，給予她一份屬於自己的幸福。', '她每天早晨在陽光下打盹，午後則喜歡窩在舒適的角落打盹。她喜歡玩耍，偶爾會追逐飛舞的羽毛。晚上，她喜歡貼近溫暖的窩，安靜地注視著外面的世界，夢想著屬於自己的家。');

-- --------------------------------------------------------

--
-- 資料表結構 `product`
--

CREATE TABLE `product` (
  `product_id` int(11) NOT NULL,
  `name` varchar(100) NOT NULL,
  `brand_name` varchar(30) NOT NULL,
  `price` int(11) NOT NULL,
  `pic1` varchar(100) DEFAULT NULL,
  `pic2` varchar(100) DEFAULT NULL,
  `pic3` varchar(100) DEFAULT NULL,
  `pic4` varchar(100) DEFAULT NULL,
  `pic5` varchar(100) DEFAULT NULL,
  `pic6` varchar(100) DEFAULT NULL,
  `type` varchar(8) NOT NULL,
  `species` varchar(2) NOT NULL,
  `information` varchar(400) NOT NULL,
  `reviews_id` int(11) NOT NULL
) ENGINE=InnoDB DEFAULT CHARSET=utf8mb4 COLLATE=utf8mb4_general_ci;

--
-- 傾印資料表的資料 `product`
--

INSERT INTO `product` (`product_id`, `name`, `brand_name`, `price`, `pic1`, `pic2`, `pic3`, `pic4`, `pic5`, `pic6`, `type`, `species`, `information`, `reviews_id`) VALUES
(10001, 'HeroMama益生菌凍乾晶球糧（犬用）', 'HeroMama', 980, '10001-1.webp', '10001-2.webp', '10001-3.webp', '10001-4.webp', '10001-5.webp', '10001-6.webp', '寵物飼料', '狗', '澎湃獨創三種料，挑食狗狗也愛吃！ \n▸ 添加荷蘭純淨羊奶，維持成幼犬抵抗力 \n▸ 生鮮雞肉X絲蘭除臭，有效降低糞便異味 \n☑ 81%蛋白質源自肉類，無穀、無香料 \n☑ 台灣製造，HACCP、ISO22000安心雙認證', 10001),
(10002, '【拌飯犬糧 750g】阿寶吃好魚', 'Abao', 460, '10002-1.webp', '10002-2.webp', '10002-3.webp', '10002-4.webp', '10002-5.webp', '10002-6.webp', '寵物飼料', '狗', '使用天然食材，無穀低敏配方，挑嘴犬必備\n採用四種深海魚類，提供豐富DHA、EPA、Omega 3\n採用加成大火雞肉，提供均衝營養攝取\n不添加任何動物副產品，不含人工防腐劑與人工香料\n特別添加鱉蛋粉，幫助保護皮膚，使毛色健康亮麗，光澤毛質。\n特別添加蝦紅素、葉黃素，照顧毛小孩眼睛，保持眼睛明亮\n富含多種胺基酸螯合礦物質，提升毛小孩對養份的吸收\n富含多種益生菌，幫助維持消化道機能與腸胃健康，增進腸內菌叢平衡', 10002),
(10003, '【拌飯犬糧 750g】阿寶肉多多', 'Abao', 460, '10003-1.webp', '10003-2.webp', '10003-3.webp', '10003-4.webp', '10003-5.webp', '10003-6.webp', '寵物飼料', '狗', '天然食材，無穀低敏配方，挑嘴犬必備!! \n鴨肉、火雞肉、羊肉三種鮮肉，給毛小孩均衡營養 \n不添加任何動物副產品，不含人工防腐劑，與人工香料 \n加入葡萄糖胺、軟骨素，有助維持關節活動力與軟骨健康 \n幫助維持強壯的骨骼結構，讓毛孩能承受體重的負擔 \n特別添加益生菌、鳳梨酵素，維持腸道健康，幫助消化 \n專利歐盟認證乳酸小球菌，強化腸道乳酸菌叢 \n富含多種胺基酸螯合礦物質，提升毛小孩對養份的吸收', 10003),
(10004, '【拌飯犬糧 750g】阿寶金腰瘦', 'Abao', 460, '10004-1.webp', '10004-2.webp', '10004-3.webp', '10004-4.webp', '10004-5.webp', '10004-6.webp', '寵物飼料', '狗', '無肉低卡高纖配方，多種田園蔬果提供均衡營養\n多種「超級食物」，含豐富膳食纖維促進腸道健康\n燕麥含豐富 β 葡聚醣，幫助增加自然抵抗力\n紅藜麥、黑芝麻具天然抗氧化作用，幫助血管保健\n枸杞富含ß胡蘿蔔素，保護視力健康，有效護眼保健\n萃取挪威海藻，富含植物微量元素幫助毛小孩皮膚健康\n低升醣指數碳水化合物，幫助健康減重，維持理想體態\n使用低敏配方，提供均衡的營養攝取', 10004),
(10005, '\nNU4PET陪心寵糧 室內犬無穀低敏犬糧 羊肉鮮蔬', 'NU4PET陪心寵糧', 590, '10005-1.webp', '10005-2.webp', '10005-3.webp', '10005-4.webp', '10005-5.webp', '10005-6.webp', '寵物飼料', '狗', '\nNU4PET陪心寵糧室內犬無穀低敏犬糧羊肉鮮蔬是為室內犬特別設計的營養均衡的狗糧。以優質羊肉和新鮮蔬菜為主要成分，不含穀物，適合容易過敏的狗狗食用。豐富的蛋白質和維生素能夠滿足狗狗的營養需求，同時促進腸道健康和免疫系統功能。無添加人工色素和防腐劑，安全可靠。此款狗糧口感鮮美，深受狗狗喜愛，能夠維持其健康活力，讓您的寵物享受美味又健康的餐食體驗。', 10005),
(10006, 'HALO嘿囉 無穀狗飼料 零肉粉 高消化率 成犬 幼犬 狗飼料', 'HALO嘿囉', 950, '10006-1.webp', '10006-2.webp', '10006-3.webp', '10006-4.webp', '10006-5.webp', '10006-6.webp', '寵物飼料', '狗', 'HALO嘿囉無穀狗飼料以高品質的無穀食材製成，不含零肉粉，適合成犬和幼犬食用。精心配方保證高消化率和營養均衡，促進健康成長和活力生活。富含蛋白質和維生素，支持肌肉發育和免疫系統功能。無添加人工色素和防腐劑，安全可靠。此款狗飼料口感美味，經久耐用，經實驗證明有助於維持寵物的整體健康狀態。HALO嘿囉無穀狗飼料是關愛寵物健康的最佳選擇，讓您的狗狗享受美味又營養的每一餐。', 10006),
(10007, 'PRO\'S CHOICE博士巧思 無穀犬食 羊肉地瓜+褐藻 / 鮭魚馬鈴薯+褐藻 / 7⁺熟齡專屬保健配方+褐藻 1KG / 3KG /8KG', 'PRO\'S CHOICE博士巧思', 299, '10007-1.webp', '10007-2.webp', '10007-3.webp', '10007-4.webp', '10007-5.webp', '10007-6.webp', '寵物飼料', '狗', '．小分子褐藻醣膠：改善體質提升身體免疫力\n．單一動物性蛋白質，紐西蘭放牧羊\n．無穀低過敏配方：不含穀類，有效降低食物過敏因子\n．天然椰子油：豐富中鏈脂肪酸提升健康\n主要使用原料：羊肉絨、地瓜、碗豆、番茄、綠藻、家禽脂肪(以維生素E保存)、椰子油、深海魚油、啤油酵母、卵磷脂、金盞花萃取物、絲蘭萃取物、碳酸鈣、磷酸鈣、褐藻醣膠、維生素、氯化膽鹼、生物素、胺基酸鐵、胺基酸鋅、胺基酸銅、胺基酸錳、酵母硒。', 10007),
(10008, 'DIAMOND NATURALS 天然饌 狗飼料 狗乾糧', 'DIAMOND NATURALS', 439, '10008-1.webp', '10008-2.webp', '10008-3.webp', '10008-4.webp', '10008-5.webp', '10008-6.webp', '寵物飼料', '狗', '💡顆粒直徑8 +- 1.0毫米，扁圓小顆粒\n🔺 添加菊苣根，促進腸道益菌發展\n🔺 Omega脂肪酸有助於皮膚健康，使毛髮柔軟亮麗\n🔺 添加超級食物，維持活力和增強體力\n🔺 使用草原放牧羊肉，富含鈣質', 10008),
(10009, 'ABAO阿寶 大甲鎮瀾宮聯名 保庇狗飼料 神仙牛無穀犬糧 1.5KG / 6KG', 'Abao', 680, '10009-1.webp', '10009-2.webp', '10009-3.webp', '10009-4.webp', '10009-5.webp', '10009-6.webp', '寵物飼料', '狗', 'Abao阿寶 大甲鎮瀾宮聯名 保庇狗飼料 神仙牛無穀犬糧 1.5kg / 6kg \n\n▲ Abao與大甲鎮瀾宮 再次攜手聯名推出 \n▲ 最多狗友好評推薦的保庇飼料 \n▲ 嚴選台灣在地牛肉特殊製成 \n▲ 優質蛋白質搭配多色蔬果，給狗狗全方位營養均衡 \n▲ 公開檢驗報告，從原料製程到成品都安心', 10009),
(10010, '大威 DAVE 愛犬健康全餐犬糧 鮮雞肉+牛肉 皮毛關節保健 狗飼料 全齡犬適用', 'Alphapets', 250, '10010-1.webp', '10010-2.webp', '10010-3.webp', '10010-4.webp', '10010-5.webp', '10010-6.webp', '寵物飼料', '狗', '大威 DAVE 愛犬健康全餐犬糧 鮮雞肉+牛肉 皮毛關節保健 全齡犬適用\n⚠ 7.5kg 及 15 kg 只能宅配\n‧ 添加植物乳桿菌，幫助腸內益菌的生長、促進腸胃道消化︑吸收︒\n‧ 混合式碳水化合物，提供愛犬完整營養及膳食纖維，增加吸收力︒\n‧ Omega-3︑Omega-6脂肪酸調配成最佳營養比例，滋潤皮毛︑亮麗一生︒\n‧ 天然抗氧化劑(ß胡蘿蔔素︑維生素C及E)增強狗狗免疫力︒\n‧ 優質新鮮肉類動物性蛋白質，易於吸收的高密度濃縮營養素︒', 10010),
(10011, 'HeroMama益生菌凍乾晶球糧（貓用）', 'HeroMama', 980, '10011-1.webp', '10011-2.webp', '10011-3.webp', '10011-4.webp', '10011-5.webp', '10011-6.webp', '寵物飼料', '貓', '真正的好品質，來自好肉 \n\n▸獨家益菌晶球 + 原肉凍乾 + 無穀飼料 \n▸動物性蛋白>95%，補充優質蛋白質 \n▸碳水化合物<19%，維持美麗體態 \n\n☑無穀物，無使用肉類副產品 \n☑台灣製造，HACCP、ISO22000安心雙認證', 10011),
(10012, '【無榖貓飼料】肚肚派對 貓吃肉4Kg', 'Abao', 1600, '10012-1.webp', '10012-2.webp', '10012-3.webp', '10012-4.webp', '10012-5.webp', '10012-6.webp', '寵物飼料', '貓', '▲室內貓專科 \n▲超過83%蛋白來自肉類、0%穀類 \n▲泌尿．免疫．腸胃 三效專利保健 \n▲添加益生菌之父許博士(LP33®研發者)，最新研發強健免疫型益生菌 \n▲添加日本沖繩石垣島裸藻，吸收率高達93% \n▲添加β-聚葡萄糖專利保健，全方位提升自然免疫', 10012),
(10013, 'FUDOTIME 飼時候 無穀貓糧 海陸套餐 水解凍晶技術 挑嘴貓的最愛 1.5KG', 'Fudohouse 飼糧倉', 720, '10013-1.webp', '10013-2.webp', '10013-3.webp', '10013-4.webp', '10013-5.webp', '10013-6.webp', '寵物飼料', '貓', '✓ 獨家凍晶技術，加水還原，幫助貓咪增加飲水量。 \n✓ 採用在地新鮮食材，製作無穀高適口性飼糧。 \n✓ 採用新鮮雞肉、鴨肉及鮭魚，調配最均衡的飲食攝取。 \n✓ 不添加4D肉、化學添加物及人工香料。 \n✓ 添加鮭魚油，具豐富的ω-3幫助皮膚健康，維持皮毛良好狀態。 \n✓ 添加數乳酸菌及益生菌，維持腸道健康，幫助維持消化道機能。 \n✓ 添加葡萄糖胺及軟骨素，幫助保護關節。', 10013),
(10014, 'CATPOOL貓侍 貓侍料 金貓侍 白貓侍 黑貓侍 藍貓侍 1.5KG / 7KG', 'CATPOOL貓侍', 850, '10014-1.webp', '10014-2.webp', '10014-3.webp', '10014-4.webp', '10014-5.webp', '10014-6.webp', '寵物飼料', '貓', '※採用無榖低敏配方 \n※離胺酸幫助消化、腸胃保健 \n※靈芝多醣體有助於自然抵伉力 \n※添加墨魚汁，幫助提高免疫力，補充蛋白質 \n※絲蘭萃取物:幫助減少糞便臭味，提升免疫力', 10014),
(10015, 'NU4PET陪心寵糧 全齡無穀低碳乾糧 貓用 鮮雞野莓', 'NU4PET陪心寵糧', 590, '10015-1.webp', '10015-2.webp', '10015-3.webp', '10015-4.webp', '10015-5.webp', '10015-6.webp', '寵物飼料', '貓', 'NU4PET陪心寵糧全齡無穀低碳乾糧貓用鮮雞野莓是為貓咪設計的營養均衡的乾糧。採用新鮮雞肉和天然野莓等優質食材，不含穀物和人工添加物，適合全年齡段貓咪食用。富含蛋白質和維生素，支持肌肉健康和免疫系統功能，同時促進毛髮亮澤和皮膚健康。低碳水化合物成分有助於控制體重和消化系統健康。口感美味，深受貓咪喜愛，無論是幼貓還是成貓都能滿足其營養需求，是貓咪健康飲食的理想選擇。', 10015),
(10016, 'PARKCAT貓樂園 無敵貓糧 鮮雞蜂王乳 1KG / 2KG / 6KG', 'PARKCAT貓樂園', 599, '10016-1.webp', '10016-2.webp', '10016-3.webp', '10016-4.webp', '10016-5.webp', '10016-6.webp', '寵物飼料', '貓', 'PARKCAT貓樂園無敵貓糧以新鮮雞肉和蜂王乳為主要成分，提供豐富的蛋白質和營養素，有助於促進貓咪的健康成長和免疫力。無添加人工色素和防腐劑，安全可靠。適合所有年齡段的貓咪食用，有1KG、2KG和6KG多種包裝可供選擇。此款貓糧口感美味，深受貓咪喜愛，能夠滿足其營養需求，促進毛髮亮澤和皮膚健康。PARKCAT貓樂園無敵貓糧是貓咪健康飲食的理想選擇，為您的貓咪帶來無盡的健康樂趣。', 10016),
(10017, 'PARKCAT貓樂園 無敵貓糧 小霸王貓飼料 1KG / 2KG', 'PARKCAT貓樂園', 985, '10017-1.webp', '10017-2.webp', '10017-3.webp', '10017-4.webp', '10017-5.webp', '10017-6.webp', '寵物飼料', '貓', '\nPARKCAT貓樂園無敵貓糧小霸王貓飼料是專為貓咪設計的高品質貓糧。精選優質食材，包括新鮮肉類和天然成分，提供全面營養支持，有助於促進貓咪的健康發展。無添加人工色素和防腐劑，安全無慮。多種包裝選擇，包括1KG和2KG，適合不同大小的貓咪需求。此款貓糧口感豐富，營養均衡，深受貓咪喜愛，能夠提高毛髮光澤，促進消化和免疫系統健康。PARKCAT貓樂園無敵貓糧小霸王貓飼料是照顧貓咪健康的理想選擇，為您的貓咪帶來無限活力和幸福。', 10017),
(10018, 'ACANA愛肯拿 貓全新口味 低GI配方 第一盛宴 田園收穫 豐盛漁獲 室內開胃 貓糧 貓飼料', 'ACANA愛肯拿', 1050, '10018-1.webp', '10018-2.webp', '10018-3.webp', '10018-4.webp', '10018-5.webp', '10018-6.webp', '寵物飼料', '貓', 'ACANA愛肯拿貓全新口味低GI配方為貓咪帶來第一盛宴。精選新鮮食材，如田園收穫和豐盛漁獲，提供多樣且均衡的營養。低GI配方有助於控制血糖水平，促進健康體重和消化系統功能。室內開胃口感，深受貓咪喜愛，有助於維持皮毛健康和免疫系統強壯。無添加穀物和不良成分，安全可靠。ACANA愛肯拿貓全新口味低GI配方是照顧貓咪健康的理想選擇，為您的貓咪帶來一頓美味又營養的盛宴。', 10018),
(10019, '阿培育犬育喵 無穀貓飼料 2KG 全齡貓', '阿培育犬育喵', 980, '10019-1.webp', '10019-2.webp', '10019-3.webp', '10019-4.webp', '10019-5.webp', '10019-6.webp', '寵物飼料', '貓', '◾ 低過敏無穀配方不含玉米、小麥、黃豆 \n◾ 牛磺酸保護視力健康 \n◾ 提供均衡維生素與必需礦物質 \n◾ 天然纖維，幫助毛球排除順利 \n◾ 幫助成長發育肌肉發展 \n◾ 低碳水化合物，低鹽低油減少身體負擔 \n◾ 保護皮膚使毛色健康亮麗', 10019),
(10020, 'BLUE BAY倍力 ANIMATE 無穀貓飼料 貓乾糧 1.5KG / 4.5KG', 'BLUE BAY倍力', 680, '10020-1.webp', '10020-2.webp', '10020-3.webp', '10020-4.webp', '10020-5.webp', '10020-6.webp', '寵物飼料', '貓', '\nBLUE BAY倍力 ANIMATE無穀貓飼料是為了滿足貓咪健康需求而設計的高品質貓乾糧。採用無穀物配方，適合貓咪的消化系統，同時提供全面的營養。豐富的蛋白質源自優質肉類，促進肌肉生長和發展。無添加人工色素和防腐劑，安全可靠。可選擇1.5KG和4.5KG的包裝，方便不同貓咪的需求。此款貓飼料口感美味，深受貓咪喜愛，能夠維持其健康和活力。BLUE BAY倍力 ANIMATE無穀貓飼料是關愛貓咪健康的理想選擇，為您的貓咪帶來無盡的快樂和滿足。', 10020),
(10021, '【狗狗主食餐包】法式迷迭香雞腿小魚 (常溫保存/鮮食)', 'Maolex 毛力士', 109, '10021-1.webp', '10021-2.webp', '10021-3.webp', '10021-4.webp', '10021-5.webp', '10021-6.webp', '寵物罐頭', '狗', '動物醫院合作營養顧問監製，符合並超越NRC&AAFCO標準 \n\n✓ 剛剛好的營養比例 ✓ 人用等級高品質新鮮食材 \n✓ 無穀 ✓ 最佳鈣磷比 ✓ 無爭議性膠質 \n獨家奢華添加來自日本北海道稀少珍貴的“野生鮭魚鼻軟骨萃取”，為寶貝補充人用同款的頂級保健品『蛋白聚醣』，從日常保養牠的關節與皮毛！', 10021),
(10022, '【狗狗主食餐包】壽喜牛肉鰹魚鵪鶉燒 (常溫保存/鮮食)', 'Maolex 毛力士', 109, '10022-1.webp', '10022-2.webp', '10022-3.webp', '10022-4.webp', '10022-5.webp', '10022-6.webp', '寵物罐頭', '狗', '動物醫院合作營養顧問監製，符合並超越NRC&AAFCO標準 \n\n✓ 剛剛好的營養比例 ✓ 人用等級高品質新鮮食材 \n✓ 無穀 ✓ 最佳鈣磷比 ✓ 無爭議性膠質 \n獨家奢華添加來自日本北海道稀少珍貴的“野生鮭魚鼻軟骨萃取”，為寶貝補充人用同款的頂級保健品『蛋白聚醣』，從日常保養牠的關節與皮毛！', 10022),
(10023, '【狗狗主食餐包】南瓜雞肉海鮮燉飯 (常溫保存/鮮食)', 'Maolex 毛力士', 109, '10023-1.webp', '10023-2.webp', '10023-3.webp', '10023-4.webp', '10023-5.webp', '10023-6.webp', '寵物罐頭', '狗', '動物醫院合作營養顧問監製，符合並超越NRC&AAFCO標準 \n\n✓ 剛剛好的營養比例 ✓ 人用等級高品質新鮮食材 \n✓ 無穀 ✓ 最佳鈣磷比 ✓ 無爭議性膠質 \n獨家奢華添加來自日本北海道稀少珍貴的“野生鮭魚鼻軟骨萃取”，為寶貝補充人用同款的頂級保健品『蛋白聚醣』，從日常保養牠的關節與皮毛！', 10023),
(10024, '【狗狗主食餐包】地中海燉羊肉佐鮮魚 (常溫保存/鮮食)', 'Maolex 毛力士', 109, '10024-1.webp', '10024-2.webp', '10024-3.webp', '10024-4.webp', '10024-5.webp', '10024-6.webp', '寵物罐頭', '狗', '動物醫院合作營養顧問監製，符合並超越NRC&AAFCO標準 \n\n✓ 剛剛好的營養比例 ✓ 人用等級高品質新鮮食材 \n✓ 無穀 ✓ 最佳鈣磷比 ✓ 無爭議性膠質 \n獨家奢華添加來自日本北海道稀少珍貴的“野生鮭魚鼻軟骨萃取”，為寶貝補充人用同款的頂級保健品『蛋白聚醣』，從日常保養牠的關節與皮毛！', 10024),
(10025, 'HeroMama 3in經典鮮食餐盒', 'HeroMama', 33, '10025-1.webp', '10025-2.webp', '10025-3.webp', '10025-4.webp', '10025-5.webp', '10025-6.webp', '寵物罐頭', '狗', '品名：HeroMama 3in經典鮮食餐盒\n淨重：80g\n產地：泰國\n適用對象：全年齡犬\n有效期限：見包裝標示\n保存期限：24個月\n保存方式：請勿放置於高溫、潮濕及陽光直射處\n注意事項：開封後須冷藏，並盡快食用完畢\n餵食建議：體重3kg以下每日1~2罐；體重3kg以上每日2~3罐。僅可作為零食或搭配全營養主食給予', 10025),
(10026, 'HeroMama 好大一塊！原肉燉湯罐', 'HeroMama', 23, '10026-1.webp', '10026-2.webp', '10026-3.webp', '10026-4.webp', '10026-5.webp', '10026-6.webp', '寵物罐頭', '狗', '愛咬咬的毛孩就選這罐！\n\n▸超完整原型肉塊，無邊角料\n▸養顏機能高湯，讓毛孩越吃越漂亮\n\n☑無膠、無香料添加\n☑HACCP、ISO22000安心生產雙認證', 10026),
(10027, '【台式熱炒 鮮食餐包】番茄嫩雞 (環保包)', 'Abao', 117, '10027-1.webp', '10027-2.webp', '10027-3.webp', '10027-4.webp', '10027-5.webp', '10027-6.webp', '寵物罐頭', '狗', '台式熱炒 | 鮮食餐包\n選用台灣在地食材，加入台式熱炒店招牌菜色的構想，再添加適合狗貓的營養素\n鮮食餐包除了能作為主食外，也可以作為犬糧的配料，增加犬糧的嗜口性\n開封即食，100%殺菌處理\n外出方便，有時候狗在外面不愛吃飼料，但無法抗拒鮮食餐包', 10027),
(10028, '【台式熱炒 鮮食餐包】主廚羊肉 (環保包)', 'Abao', 118, '10028-1.webp', '10028-2.webp', '10028-3.webp', '10028-4.webp', '10028-5.webp', '10028-6.webp', '寵物罐頭', '狗', '台式熱炒 | 鮮食餐包 \n選用台灣在地食材，加入台式熱炒店招牌菜色的構想，再添加適合狗貓的營養素 \n鮮食餐包除了能作為主食外，也可以作為犬糧的配料，增加犬糧的嗜口性 \n開封即食，100%殺菌處理 \n外出方便，有時候狗在外面不愛吃飼料，但無法抗拒鮮食餐包', 10028),
(10029, '【台式熱炒 鮮食餐包】寶包粥(環保包)', 'Abao', 110, '10029-1.webp', '10029-2.webp', '10029-3.webp', '10029-4.webp', '10029-5.webp', '10029-6.webp', '寵物罐頭', '狗', '台式熱炒 | 鮮食餐包 \n選用台灣在地食材，加入台式熱炒店招牌菜色的構想，再添加適合狗貓的營養素 \n鮮食餐包除了能作為主食外，也可以作為犬糧的配料，增加犬糧的嗜口性 \n開封即食，100%殺菌處理 \n外出方便，有時候狗在外面不愛吃飼料，但無法抗拒鮮食餐包', 10029),
(10030, '【台式熱炒 鮮食餐包】清炒鴨肉 (環保包)', 'Abao', 116, '10030-1.webp', '10030-2.webp', '10030-3.webp', '10030-4.webp', '10030-5.webp', '10030-6.webp', '寵物罐頭', '狗', '台式熱炒 | 鮮食餐包\n選用台灣在地食材，加入台式熱炒店招牌菜色的構想，再添加適合狗貓的營養素\n鮮食餐包除了能作為主食外，也可以作為犬糧的配料，增加犬糧的嗜口性\n開封即食，100%殺菌處理\n外出方便，有時候狗在外面不愛吃飼料，但無法抗拒鮮食餐包\n', 10030),
(10031, '【貓咪主食罐/包】100g大容量 銷魂鮮雞海瓜子(肉泥)', 'Maolex 毛力士', 89, '10031-1.webp', '10031-2.webp', '10031-3.webp', '10031-4.webp', '10031-5.webp', '10031-6.webp', '寵物罐頭', '貓', '動物醫院合作營養顧問監製，符合並超越NRC&AAFCO標準\n\n✓ 剛剛好的營養比例 ✓ 人用等級高品質新鮮食材\n✓ 無穀 ✓ 最佳鈣磷比 ✓ 無爭議性膠質\n獨家奢華添加來自日本北海道稀少珍貴的“野生鮭魚鼻軟骨萃取”，為寶貝補充人用同款的頂級保健品『蛋白聚醣』，從日常保養牠的關節與皮毛！', 10031),
(10032, '【貓咪主食罐/包】100g大容量 老饕牛排拼岩雞(肉泥)', 'Maolex 毛力士', 89, '10032-1.webp', '10032-2.webp', '10032-3.webp', '10032-4.webp', '10032-5.webp', '10032-6.webp', '寵物罐頭', '貓', '動物醫院合作營養顧問監製，符合並超越NRC&AAFCO標準 \n\n✓ 剛剛好的營養比例 ✓ 人用等級高品質新鮮食材 \n✓ 無穀 ✓ 最佳鈣磷比 ✓ 無爭議性膠質 \n獨家奢華添加來自日本北海道稀少珍貴的“野生鮭魚鼻軟骨萃取”，為寶貝補充人用同款的頂級保健品『蛋白聚醣』，從日常保養牠的關節與皮毛！', 10032),
(10033, '【貓咪主食罐/包】100g大容量 極地鮮味雙嫩魚(肉泥)', 'Maolex 毛力士', 89, '10033-1.webp', '10033-2.webp', '10033-3.webp', '10033-4.webp', '10033-5.webp', '10033-6.webp', '寵物罐頭', '貓', '動物醫院合作營養顧問監製，符合並超越NRC&AAFCO標準\n\n✓ 剛剛好的營養比例 ✓ 人用等級高品質新鮮食材\n✓ 無穀 ✓ 最佳鈣磷比 ✓ 無爭議性膠質\n獨家奢華添加來自日本北海道稀少珍貴的“野生鮭魚鼻軟骨萃取”，為寶貝補充人用同款的頂級保健品『蛋白聚醣』，從日常保養牠的關節與皮毛！', 10033),
(10034, '【貓咪主食罐/包】100g大容量 燉雞精山藥嫩雞(肉泥)', 'Maolex 毛力士', 89, '10034-1.webp', '10034-2.webp', '10034-3.webp', '10034-4.webp', '10034-5.webp', '10034-6.webp', '寵物罐頭', '貓', '動物醫院合作營養顧問監製，符合並超越NRC&AAFCO標準\n\n✓ 剛剛好的營養比例 ✓ 人用等級高品質新鮮食材\n✓ 無穀 ✓ 最佳鈣磷比 ✓ 無爭議性膠質\n獨家奢華添加來自日本北海道稀少珍貴的“野生鮭魚鼻軟骨萃取”，為寶貝補充人用同款的頂級保健品『蛋白聚醣』，從日常保養牠的關節與皮毛！', 10034),
(10035, '【貓咪主食罐/包】100g大容量 昆布魩仔魚燉雞(肉絲)', 'Maolex 毛力士', 98, '10035-1.webp', '10035-2.webp', '10035-3.webp', '10035-4.webp', '10035-5.webp', '10035-6.webp', '寵物罐頭', '貓', '動物醫院合作營養顧問監製，符合並超越NRC&AAFCO標準\n\n✓ 剛剛好的營養比例 ✓ 人用等級高品質新鮮食材\n✓ 無穀 ✓ 最佳鈣磷比 ✓ 無爭議性膠質\n獨家奢華添加來自日本北海道稀少珍貴的“野生鮭魚鼻軟骨萃取”，為寶貝補充人用同款的頂級保健品『蛋白聚醣』，從日常保養牠的關節與皮毛！', 10035),
(10036, '【貓咪主食罐/包】100g大容量 干貝雪耳富貴雞(肉絲)', 'Maolex 毛力士', 98, '10036-1.webp', '10036-2.webp', '10036-3.webp', '10036-4.webp', '10036-5.webp', '10036-6.webp', '寵物罐頭', '貓', '動物醫院合作營養顧問監製，符合並超越NRC&AAFCO標準\n\n✓ 剛剛好的營養比例 ✓ 人用等級高品質新鮮食材\n✓ 無穀 ✓ 最佳鈣磷比 ✓ 無爭議性膠質\n獨家奢華添加來自日本北海道稀少珍貴的“野生鮭魚鼻軟骨萃取”，為寶貝補充人用同款的頂級保健品『蛋白聚醣』，從日常保養牠的關節與皮毛！', 10036),
(10037, 'HeroMama維他命補給罐', 'HeroMama', 23, '10037-1.webp', '10037-2.webp', '10037-3.webp', '10037-4.webp', '10037-5.webp', '10037-6.webp', '寵物罐頭', '貓', '品名：HeroMama 維他命補給罐\n淨重：80g\n產地：泰國\n適用對象：成幼貓。維他命補給罐為副食罐，狗狗也可當點心享用！\n有效日期：見包裝標示\n保存期限：36個月\n保存方式：請勿放置於高溫、潮濕及陽光直射處\n注意事項：開封後須冷藏，並盡快食用完畢\n餵食建議：體重3kg以下每日1~2罐；體重3kg以上每日2~3罐。本產品僅可作為零食或搭配全營養主食給予', 10037),
(10038, 'HeroMama 輕盈低卡主食罐', 'HeroMama', 45, '10038-1.webp', '10038-2.webp', '10038-3.webp', '10038-4.webp', '10038-5.webp', '10038-6.webp', '寵物罐頭', '貓', '易胖體質首選 \n\n▸低脂瘦肉X高飽足感，吃出健康好體態 \n▸特別添加軟骨素，養護貓咪關節 \n▸獨家蛋白質切割技術，把主食罐變好吃 \n\n☑98%高肉含量，無穀、無膠添加 \n☑依據AAFCO/NRC營養標準；HACCP、ISO22000安心雙認證', 10038),
(10039, 'HeroMama 溯源鮮肉主食罐', 'HeroMama', 43, '10039-1.webp', '10039-2.webp', '10039-3.webp', '10039-4.webp', '10039-5.webp', '10039-6.webp', '寵物罐頭', '貓', '超過80%乾糧貓吃光光的主食罐 \n\n▸把主食罐變好吃的秘密：獨家蛋白質切割技術 \n▸嚴選臺灣小農食材，新鮮直送 \n▸添加抗氧化聖品，邊吃邊保養 \n\n☑98%高肉含量，無穀、無膠添加 \n☑依據AAFCO/NRC營養標準；HACCP、ISO22000安心雙認證 \n☑適用全年齡貓', 10039),
(10040, 'HeroMama 海陸派對主食罐', 'HeroMama', 43, '10040-1.webp', '10040-2.webp', '10040-3.webp', '10040-4.webp', '10040-5.webp', '10040-6.webp', '寵物罐頭', '貓', 'Party Time！最高CP值的國民主食罐來了 \n\n▸補好補滿，Omega3增量40% \n▸全方位保養，添加超級食材巴西莓 \n▸獨家蛋白質切割技術，把主食罐變好吃 \n\n☑98%高肉含量，無穀、無爭議膠類添加 \n☑依據AAFCO/NRC營養標準；HACCP、ISO22000安心雙認證 \n☑適用全年齡貓', 10040),
(10041, 'HeroMama 解悶藏食玩具', 'HeroMama', 399, '10041-1.webp', '10041-2.webp', '10041-3.webp', '10041-4.webp', '10041-5.webp', '10041-6.webp', '寵物用品', '狗', '生活再忙碌，也要給狗狗最好的陪伴！\n\n▸消耗狗狗精力，嗅聞10分鐘＝散步1小時\n▸訓練獨自玩耍，排解狗狗在家的無聊時光\n▸多層藏食設計，有助刺激狗狗腦袋活動', 10041),
(10042, 'HeroMama 雙面呵護慢食碗', 'HeroMama', 488, '10042-1.webp', '10042-2.webp', '10042-3.webp', '10042-4.webp', '10042-5.webp', '10042-6.webp', '寵物用品', '狗', 'HeroMama品牌獨家款 \n\n▸減少狼吞虎嚥引起的嘔吐和腹痛，呵護消化系統 \n▸獨家翻轉設計，一碗兩用 \n▸一體成型無死角，清洗更簡單', 10042),
(10043, 'HERO飼料保鮮桶', 'HeroMama', 179, '10043-1.webp', '10043-2.webp', '10043-3.webp', '10043-4.webp', '10043-5.webp', '10043-6.webp', '寵物用品', '狗', '讓每餐都像剛開封一樣新鮮！ \n\n▸加厚密封圈，防潮防蟲不怕飼料變質 \n▸多用途收納，可放一般乾飼料、凍乾、零食 \n▸漏斗形壺口，方便快速餵食 \n▸附刻度量杯，可精準拿捏每餐分量', 10043),
(10044, 'HeroMama 罐頭專用匙', 'HeroMama', 30, '10044-1.webp', '10044-2.webp', '10044-3.webp', '10044-4.webp', '10044-5.webp', '10044-6.webp', '寵物用品', '狗', '\nHeroMama 罐頭專用匙\n360°零死角挖罐神器\n\n▸罐罐家庭必備！\n▸食品級PP材質', 10044),
(10045, '【寵物萬用快乾小手帕/口水巾】快速吸水｜3 分鐘速乾', 'Maolex 毛力士', 199, '10045-1.webp', '10045-2.webp', '10045-3.webp', '10045-4.webp', '10045-5.webp', '10045-6.webp', '寵物用品', '狗', '寵物快乾小手帕🐶🐱3分鐘速乾、超高吸水量，毛孩擦乾好輕鬆！ \n\n⋆ 輕巧方便攜帶－貼心隨身小物！幫毛孩擦嘴、擦腳so easy \n⋆ 超細纖維材質－觸感柔軟不僵硬！使用環保油墨印刷', 10045),
(10046, 'DOGLEMI多樂米 餐桌寵物嗅聞墊 藏食玩具', 'DOGLEMI多樂米', 580, '10046-1.webp', '10046-2.webp', '10046-3.webp', '10046-4.webp', '10046-5.webp', '10046-6.webp', '寵物用品', '狗', '\nDOGLEMI多樂米 餐桌寵物嗅聞墊是一款創新的寵物玩具，既可滿足寵物的嗅覺與尋找慾，又能使吃飯時不再悶悶無聊。設計成富有挑戰性的迷宮式結構，藏有小食物或零食，鼓勵寵物動腦尋找，增加智力活動。由耐用且易清洗的材料製成，安全可靠，適合各種大小的寵物使用。此外，可適應不同場所，如餐桌或地板，為寵物提供多樣化的遊戲體驗，讓牠們在尋找美食的同時享受樂趣。', 10046),
(10047, 'DOGLEMI多樂米 寵物嗅聞墊 3色', 'DOGLEMI多樂米', 480, '10047-1.webp', '10047-2.webp', '10047-3.webp', '10047-4.webp', '10047-5.webp', '10047-6.webp', '寵物用品', '狗', '\nDOGLEMI多樂米 餐桌寵物嗅聞墊是一款創新的寵物玩具，既可滿足寵物的嗅覺與尋找慾，又能使吃飯時不再悶悶無聊。設計成富有挑戰性的迷宮式結構，藏有小食物或零食，鼓勵寵物動腦尋找，增加智力活動。由耐用且易清洗的材料製成，安全可靠，適合各種大小的寵物使用。此外，可適應不同場所，如餐桌或地板，為寵物提供多樣化的遊戲體驗，讓牠們在尋找美食的同時享受樂趣。', 10047),
(10048, 'DOGLEMI多樂米 寵物嗅聞骰子 漏食玩具', 'DOGLEMI多樂米', 280, '10048-1.webp', '10048-2.webp', '10048-3.webp', '10048-4.webp', '10048-5.webp', '10048-6.webp', '寵物用品', '狗', 'DOGLEMI多樂米 寵物嗅聞骰子是一款創意十足的寵物玩具，旨在激發寵物的嗅覺和智力。這個骰子設計獨特，藏有多個小隱藏盒，可放置食物或零食，激發寵物尋找的慾望。通過嗅聞和挑戰來獲取美食，讓寵物享受探險和發現的樂趣。材質堅固耐用，易於清潔和維護，安全可靠。適用於各種大小的寵物，適合室內和室外使用。DOGLEMI多樂米 寵物嗅聞骰子是培養寵物智力和活動的理想選擇，讓牠們在遊戲中保持健康快樂。', 10048),
(10049, 'DOGLEMI多樂米 鳳梨造型寵物嗅聞玩具', 'DOGLEMI多樂米', 199, '10049-1.webp', '10049-2.webp', '10049-3.webp', '10049-4.webp', '10049-5.webp', '10049-6.webp', '寵物用品', '狗', 'DOGLEMI多樂米 鳳梨造型寵物嗅聞玩具是一款可愛而有趣的寵物玩具，造型獨特，仿照真實鳳梨外觀，吸引寵物的注意力。設計有多個隱藏口袋，可以放置食物或零食，激發寵物的嗅覺和尋找慾望。通過挑戰來獲取美食，增加寵物的智力活動，提升生活品質。由高品質且安全的材料製成，耐用易清潔，無毒無害。適用於各種大小的寵物，適合室內和室外使用。DOGLEMI多樂米 鳳梨造型寵物嗅聞玩具為寵物帶來無盡的樂趣，同時培養其健康的身心狀態。', 10049),
(10050, 'GIGWI 貴為 木塑松木鹿角 磨牙玩具 XS/S/M', 'GIGWI', 119, '10050-1.webp', '10050-2.webp', '10050-3.webp', '10050-4.webp', '10050-5.webp', '10050-6.webp', '寵物用品', '狗', '\nGIGWI 貴為 木塑松木鹿角磨牙玩具是一款設計精巧的寵物玩具，仿真木塑松木材質，猶如真實鹿角，吸引寵物的注意力。其特殊設計有助於滿足寵物的咀嚼和磨牙需求，同時促進口腔健康和牙齒清潔。提供了三種不同尺寸可供選擇，適用於各種大小的寵物，滿足不同需求。採用高品質材料製造，堅固耐用，不易被寵物咬壞。GIGWI 貴為 木塑松木鹿角磨牙玩具是照顧寵物口腔健康和滿足其天性需求的理想選擇。', 10050),
(10051, '【零死角刮勺】毛力士餐包專用', 'Maolex 毛力士', 59, '10051-1.webp', '10051-2.webp', '10051-3.webp', '10051-4.webp', '10051-5.webp', '10051-6.webp', '寵物用品', '貓', '毛力士餐包專用「零死角刮勺」－貼合餐包死角，完美鏟肉！不放過每一塊肉肉 \n\n✓ 食品級矽膠：安心使用 \n✓ 直角設計：角落肉肉不殘留 \n✓ 圓角設計：方便挖取', 10051),
(10052, '貓爪印 圓形瓦楞紙貓抓盆', 'Miao xian er 喵仙兒', 249, '10052-1.webp', '10052-2.webp', '10052-3.webp', '10052-4.webp', '10052-5.webp', '10052-6.webp', '寵物用品', '貓', '商品資訊 \n🐈【產品介紹】 \n◾安全材質，更加安心 \n◾底部加重，不再跑滑 \n◾簡單設計，質感與美學兼具 \n◾超大尺寸，既能磨爪也能當窩 \n◾凹面流體弧度設計，護關節不傷爪 \n\n【產品材質】高密度瓦愣紙 \n\n【產品尺寸】 \n小 - 圓形直徑 32cm / 高 6cm \n大 - 圓形直徑 41cm / 高 10cm', 10052),
(10053, '瓦楞紙L型立式貓爬架 貓抓板', 'NOBRAND', 350, '10053-1.webp', '10053-2.webp', '10053-3.webp', '10053-4.webp', '10053-5.webp', '10053-6.webp', '寵物用品', '貓', '◾ 高密度瓦楞紙，更耐抓耐磨\n◾ 精緻工藝，螺絲固定非膠黏\n◾ 無毒纖維板，安全玩耍更安心\n◾ 加寬底座，承重力強，穩固不晃\n◾ 直角設計，美觀又超省空間\n◾ 超大抓面，實現抓抓自由\n◾ 隱藏鈴鐺，享受狩獵樂趣\n\n【產品材質】高密度瓦楞紙 / 纖維板 / 螺絲', 10053),
(10054, '紅蘑菇貓跳台 貓爬架 貓抓柱 貓咪玩具', 'NOBRAND', 480, '10054-1.webp', '10054-2.webp', '10054-3.webp', '10054-4.webp', '10054-5.webp', '10054-6.webp', '寵物用品', '貓', '紅蘑菇貓跳台 貓爬架 貓抓柱 貓咪玩具 \n\n◾安全染料，更加安心 \n◾原創設計，質感與美學兼具 \n◾天然劍麻緊密纏繞，耐磨耐抓 \n◾親膚布料，貓貓安心玩耍 \n◾懸掛蘑菇配飾 好看又好玩 \n◾可愛仙人掌造型，怎麼拍都好看 \n◾加寬底座，承重力強，穩固不晃 \n\n產品材質 : 劍麻繩、泰迪絨布、纖維板 \n產品尺寸 : 34 x 28 cm', 10054),
(10055, '圓形膠囊貓窩 太空艙貓窩', 'Miao xian er 喵仙兒', 1350, '10055-1.webp', '10055-2.webp', '10055-3.webp', '10055-4.webp', '10055-5.webp', '10055-6.webp', '寵物用品', '貓', '圓形膠囊貓窩 太空艙貓窩 \n\n\n◾防水防潮，四季通用 \n◾包覆設計，安全感滿滿 \n◾穩固承重底座，牢牢抓地 \n◾手提便攜，實用組合不占空間 \n◾透明太空艙造型，怎麼拍都好看 \n◾巨大活動空間，喵喵活動舒暢，不受束縛 \n◾劍麻繩純手工纏繞，加粗支柱穩固安全，耐磨耐抓 \n◾360°無死角雙側太空艙設計，高透光壓克力太空罩 \n視角廣闊，貓咪的活動一覽無遺 \n\n【產品材質】實木 / 劍麻繩 / 纖維板 / 壓克力', 10055),
(10056, '仙人掌貓爬架 貓跳台', 'NOBRAND', 525, '10056-1.webp', '10056-2.webp', '10056-3.webp', '10056-4.webp', '10056-5.webp', '10056-6.webp', '寵物用品', '貓', '◾安全染料，更加安心 \n◾高低跳台設計，穩固不晃 \n◾優質天然劍麻，更耐抓耐磨 \n◾加寬底座 承重力強 穩固不晃 \n◾ 柔軟絨毛布料，呵護貓咪腳墊 \n◾可愛仙人掌造型，怎麼拍都好看 \n◾懸吊小絨球，愛玩小貓抓抓好開心 \n\n【產品材質】 \n劍麻繩 / 泰迪絨布 / 纖維板', 10056),
(10057, '大白鵝貓抓板 貓吊床 貓窩 瓦楞紙芯可替換', 'Miao xian er 喵仙兒', 550, '10057-1.webp', '10057-2.webp', '10057-3.webp', '10057-4.webp', '10057-5.webp', '10057-6.webp', '寵物用品', '貓', '◾安全材質，更加安心 \n◾玩睡一體，玩累了就睡 \n◾加寬底座，承重力強，穩固不晃 \n◾精緻工藝，柔和配色，舒適又美觀 \n◾可愛大白鵝造型，貓咪寫真隨便拍都美 \n◾可替換專用耐磨瓦楞紙抓板，環保好耐玩 \n\n【產品材質】瓦楞紙 / 布 / 纖維板 \n\n【產品尺寸】38.2 x 50.6 x 高49.5 cm', 10057),
(10058, '小丑牛 貓爬架 貓抓板 貓窩', 'NOBRAND', 489, '10058-1.webp', '10058-2.webp', '10058-3.webp', '10058-4.webp', '10058-5.webp', '10058-6.webp', '寵物用品', '貓', '小丑牛 貓爬架 貓抓板 \n\n◾精選材質 安全無毒 \n◾ 優質劍麻，更耐抓耐磨 \n◾ 精緻工藝，麻繩緊密纏繞 \n◾ 加寬底座 承重力強 穩固不晃 \n◾趣味隧道、彈簧球設計，激發貓咪好奇心 \n◾ 可愛小丑牛造型，適合貪玩小貓，磨爪好開心 \n\n【產品材質】 \n劍麻繩 / 泰迪絨布 / 纖維板', 10058),
(10059, '雨林綠植造型 多功能貓跳台 S / XL', 'NOBRAND', 900, '10059-1.webp', '10059-2.webp', '10059-3.webp', '10059-4.webp', '10059-5.webp', '10059-6.webp', '寵物用品', '貓', '✔ 是貓跳台，更是裝飾品 \n✔ 不計成本，只求穩固，承重87公斤 \n✔ 半隱密式睡窩及小隧道 \n✔ 多層大面積跳台方便活動 \n✔ 耐抓劍麻柱與柔軟絨布 \n\n【產品尺寸】 \nS號 (4層) → 45*36*75 cm \nXL號 (6層) → 60*48*146 cm \n\n【產品材質】 \n劍麻、短絨、複合板', 10059),
(10060, '豪華大空間多層貓跳台 灰色', 'NOBRAND', 1750, '10060-1.webp', '10060-2.webp', '10060-3.webp', '10060-4.webp', '10060-5.webp', '10060-6.webp', '寵物用品', '貓', '✔ 多層設計，活動空間更大更好玩\n✔ 隱蔽空間讓貓咪更有安全感\n✔ 天然劍麻包覆，休息、遊樂、磨爪一次滿足\n✔ 高品質毛絨布料，更舒適柔軟\n✔ 精巧的平衡設計，安全穩固\n\n【產品尺寸】 49*49*H170cm\n【產品材質】 聚酯纖維、長毛絨、天然劍麻', 10060),
(10061, 'HeroMama整腸健胃（腸胃調理）', 'HeroMama', 420, '10061-1.webp', '10061-2.webp', '10061-3.webp', '10061-4.webp', '10061-5.webp', '10061-6.webp', '保健食品', '狗', '幫助毛孩從根本克服軟便▸ 專為長期軟便、吃益生菌無感的毛孩設計 \n▸ 腸道全面修護，完整有效複方 \n▸ 轉食好幫手☑ 犬貓專用 \n☑ 台大獸醫師嚴選推薦，投保千萬產品責任險', 10061),
(10062, 'PETPAL 100%天然寵物機能零食 益生菌 舒敏 皮膚 關節保健零食 360G', 'PETPAL', 900, '10062-1.webp', '10062-2.webp', '10062-3.webp', '10062-4.webp', '10062-5.webp', '10062-6.webp', '保健食品', '狗', 'PETPAL 100%天然寵物機能零食 益生菌 舒敏 皮膚 關節保健零食 360g \n\n🍁 加拿大原裝進口 \n🌿100%天然原料 \n🐈🐕 無動物實驗 \n\n\n◆ Allergy Immune Treats 過敏免疫 \n◆ Calming Hemp Treats 鎮靜火麻 \n◆ Green Grass Urine Treats 綠草 \n◆ Hip & Joint Treats 髖關節 \n◆ Probiotic Treats 益生菌 \n◆ Skin & Coat Treats 皮膚護理', 10062),
(10063, '媽寶陣線聯萌【泌尿保健胜肽】固棒溜 (30入/盒)', '固型才', 560, '10063-1.webp', '10063-2.webp', '10063-3.webp', '10063-4.webp', '10063-5.webp', '10063-6.webp', '保健食品', '狗', '市面上的泌尿道保健多為針對泌尿道做呵護保養\n固棒溜 保健胜肽 除了使用D-甘露醣避免細菌黏附於尿道上\n多加能神經安定的高含量GABA成分，\n對於焦慮的犬貓有高效維持情緒穩定\n⭒✧從舒緩情緒、抑菌降低感染率到正常代謝排出✧⭒\n◍ 泌尿系統健康｜洛神花萼萃取，超高含量多酚\n◍ 調節免疫力｜GABA 20益生菌，神經安定維持好體質\n◍ 情緒調節｜茶胺酸，舒緩焦慮心情\n◍ 呵護膀胱粘膜｜甘露醣，避免細菌與尿道結合', 10063),
(10064, '媽寶陣線聯萌【體重保健胜肽】固型才 (30入/盒)', '固型才', 560, '10064-1.webp', '10064-2.webp', '10064-3.webp', '10064-4.webp', '10064-5.webp', '10064-6.webp', '保健食品', '狗', '市面上的保健品，大都是針對過重後會產生的症狀做營養補充 \n但身為毛爸媽的我們比誰都懂，要為毛孩減重是多辛苦的事情！ \n固型才保健胜肽 專利瘦胜肽搭配牛蒡萃取 \n⭒✧幫助您一起與毛孩做體重控制與呵護膽固醇✧⭒ \n◍ 食慾控制｜專利瘦胜肽，延緩胃排空速度 \n◍ 抗氧保肝｜牛蒡萃取，避免脂肪堆積 \n◍ 增加飽足｜燕麥纖維，調節腸胃功能 \n◍ 體質照護｜RBE玄米萃取，守護活力第一步', 10064),
(10065, '媽寶陣線聯萌【皮毛保健胜肽】固皮呼 (30入/盒)', '固型才', 560, '10065-1.webp', '10065-2.webp', '10065-3.webp', '10065-4.webp', '10065-5.webp', '10065-6.webp', '保健食品', '狗', '市面上的皮毛保健大都針對皮膚的基本營養做補充\n固皮呼保健胜肽 除了常見第一品牌魚油、酵母鋅外，還補充專利綜合蔬果發酵物與超級莓果🥬\n⭒✧呵護自身皮膚抗氧化力✧⭒\n◍ 皮毛健康｜專利北美DSM魚油，天然皮膚保護屏障\n◍ 皮毛調節｜顏選15種超級莓果，植化素皮毛免疫調節\n◍ 美肌爆毛｜酵母鋅，調整皮膚代謝\n◍ 腸道健康｜專利綜合蔬果酵素，通過菌相健康維持亮麗毛髮', 10065),
(10066, '媽寶陣線聯萌【腸胃保健胜肽】固胃腸 (30入/盒)', '固型才', 560, '10066-1.webp', '10066-2.webp', '10066-3.webp', '10066-4.webp', '10066-5.webp', '10066-6.webp', '保健食品', '狗', '市面上的腸胃保健，大都是補充腸胃所需益菌\n固胃腸 保健胜肽 融入三生元與腦腸軸概念\n針對腦腸一線的最新發現添加蠶絲蛋白胜肽\n除了益生菌，加入益生元與後生元\n⭒✧呵護腸道整體環境✧⭒\n◍ 益生元補充｜GABA-20麩醯胺酸發酵素，腸胃環境舒適\n◍ 消化道機能｜麩醯胺酸，滋補強身\n◍ 腸胃道功能｜RBE玄米萃取，供益生菌生長代謝\n◍ 腦部神經呵護｜蠶絲蛋白胜肽(蛋殼膜)，幫助腦部神經傳遞', 10066),
(10067, '媽寶陣線聯萌【關節保健胜肽】固咖骨 (30入/盒)', '固型才', 560, '10067-1.webp', '10067-2.webp', '10067-3.webp', '10067-4.webp', '10067-5.webp', '10067-6.webp', '保健食品', '狗', '市面上的關節保健，大都是補充關節所需軟骨素與葡萄糖胺 \n但我們發現若只是加強關節營養，以毛孩的超強活動力，可能消耗得比我們想像快! \n固咖骨保健胜肽 添加BCAA與B.C.KOLLA2 II膠原蛋白 \n玻尿酸成分膠原蛋白，照護關節保水度 \n⭒✧補充肌肉所需營養，分攤關節活動負擔✧⭒ \n◍ 全方位營養｜BC.KOLLA2，維持軟骨組織 \n◍ 保水潤滑｜N-乙醯葡萄糖胺，天然保濕因子　 \n◍ 舒適關節｜西班牙專利蛋殼膜，高濃度膠原蛋白 \n◍ 關節活動力｜MSM，維持結締組織穩定性　 \n◍ 維持肌力強健｜BCAA，提供骨骼肌能量', 10067),
(10068, '媽寶陣線聯萌【眼睛保健胜肽】固目啾 (30入/盒)', '固型才', 560, '10068-1.webp', '10068-2.webp', '10068-3.webp', '10068-4.webp', '10068-5.webp', '10068-6.webp', '保健食品', '狗', '市面上的寵物眼睛保健多針對眼睛呵護\n我們發現飼主對於毛孩的淚溝狀況趨於重視\n固目啾 保健胜肽特別針對【眼睛結合淚溝】\n⭒✧抗氧化減少毛色沉積，呵護眼睛及眼部周圍✧⭒\n◍ 視力敏銳｜小米草萃取，可以喝的眼藥水之稱\n◍ 眼睛明亮｜黑醋栗萃取物，高單位花青素\n◍ 水晶體透明｜專利黑大豆，抗氧化聖品\n◍ 視界清晰｜金盞花萃取，含游離型業黃素', 10068),
(10069, '【鮮寵一番】寵物保健食品－益生菌每盒15入裝-每入1.5g', '鮮寵一番', 399, '10069-1.webp', '10069-2.webp', '10069-3.webp', '10069-4.webp', '10069-5.webp', '10069-6.webp', '保健食品', '狗', '哪些毛孩需要益生菌？\n．日常保養\n．腸胃不穩定 容易軟便\n．消化不良 吃了又吐\n．改變新飲食 換食添加\n．亂舔舐地板 充滿細菌\n\n成分：\n．玉米來源可溶性纖維\n．異麥芽寡糖\n．植物複合酵素\n．綜合乳酸菌', 10069),
(10070, '【鮮寵一番】寵物保健食品－葉黃素每盒15入裝-每入1.5g', '鮮寵一番', 399, '10070-1.webp', '10070-2.webp', '10070-3.webp', '10070-4.webp', '10070-5.webp', '10070-6.webp', '保健食品', '狗', '．日常保養\n．老年保健 維持視力健康明亮\n．特殊品種 馬爾濟斯、貴賓、可卡\n．常流眼淚 分泌物多\n．經常畏光 瞇瞇眼\n．淚痕嚴重 眼睛混濁\n\n成分：\n．玉米來源可溶性纖維\n．玉米澱粉\n．枸杞萃取\n．雞肉粉\n．金盞花萃取\n．金盞草萃取\n．維生素C\n．流行鏈球菌發酵物\n．β-胡蘿蔔素\n．維生素E\n．紅藻萃取', 10070),
(10071, '【鮮寵一番】寵物保健食品－軟骨素+鈣 每盒15入裝-每入1.5g', '鮮寵一番', 399, '10071-1.webp', '10071-2.webp', '10071-3.webp', '10071-4.webp', '10071-5.webp', '10071-6.webp', '保健食品', '貓', '哪些毛孩需要軟骨素＋鈣？\n．日常保養\n．幼年發育 幫助骨骼發展\n．老年保健 行動力下降\n．特殊品種 折耳貓\n．不愛運動 過重犬貓\n．激烈跑跳 更要顧骨頭\n．做站姿異常 手腳無力\n成分：\n．玉米來源可溶性纖維\n．檸檬酸鈣\n．玉米澱粉\n．雞肉粉\n．魔鬼爪萃取物\n．葡萄糖胺\n．維生素C\n．UC-2複合物膠原蛋白\n．膠原蛋白複合物', 10071),
(10072, '【鮮寵一番】寵物保健食品－蔓越莓 每盒15入裝-每入1.5g', '鮮寵一番', 399, '10072-1.webp', '10072-2.webp', '10072-3.webp', '10072-4.webp', '10072-5.webp', '10072-6.webp', '保健食品', '貓', '哪些毛孩需要蔓越莓保健？ \n．日常保養 \n．排尿不適 異常排尿 \n．情緒緊繃 壓力環境 \n．水喝不夠 經常進出廁所 \n．年紀增長 \n\n成分： \n．玉米來源可溶性纖維(松谷纖維) \n．玉米澱粉 \n．雞肉粉 \n．玉米鬚萃取 \n．黃耆萃取 \n．蔓越莓萃取 \n．南瓜子萃取 \n．鳳梨酵素粉 \n．松樹皮萃取', 10072),
(10073, 'MAOUP毛起來 毛孩每日健康賞 排毛好消化賞3合1 排毛粉 30入/包 貓貓專', 'MAOUP', 430, '10073-1.webp', '10073-2.webp', '10073-3.webp', '10073-4.webp', '10073-5.webp', '10073-6.webp', '保健食品', '貓', '商品資訊 \nMaoup毛起來 毛孩每日健康賞 排毛好消化賞3合1 排毛粉 30入/包 貓貓專用 \n☛ 通過 SGS 檢驗 \n☛ 排毛粉＋離胺酸＋牛磺酸，一包抵三罐 \n添加多種天然成分，有效排除毛球，維持免疫沒『毛』病！ \n✔ 排除廢毛 \n✔ 維持免疫 \n✔ 守護心臟 \n天然來源成份 \n好吃！好餵！好吸收！ \n適用對象 : 貓貓專用 \n建議用量 / 次 : \n3-6個月：半包 \n6個月以上：1包 \n每日可依情況使用1-2次', 10073),
(10074, 'BLUE BAY倍力 億菌排毛粉 50G', 'BLUE BAY倍力', 280, '10074-1.webp', '10074-2.webp', '10074-3.webp', '10074-4.webp', '10074-5.webp', '10074-6.webp', '保健食品', '貓', 'BLUE BAY倍力 億菌排毛粉 50克，是一款專為寵物設計的高效排毛產品。含豐富益生菌和天然膳食纖維，有效改善寵物消化系統，促進毛球排出，減少毛髮積聚。獨特配方可幫助寵物腸道吸收營養，增強身體免疫力，提升毛色光澤。無添加人工色素和防腐劑，安全可靠。適用於貓狗等各類寵物，簡單易用，是關愛寵物健康的理想選擇。', 10074),
(10075, 'LADY FLAVOR好味小姐 好味鮮食化毛膏 65G', 'LADY FLAVOR好味小姐', 149, '10075-1.webp', '10075-2.webp', '10075-3.webp', '10075-4.webp', '10075-5.webp', '10075-6.webp', '保健食品', '貓', '商品資訊\n溫和排毛不刺激，意外的超好吃\n✔ 純天然新鮮食材製成，無添加礦物油、礦物質及防腐劑\n✔ 溫和不刺激，搭配足夠水分補充\n✔ 天然油脂及纖維特性幫助腸道蠕動，貓咪排便不卡卡\n✔ 味道甘甜口感滑順，貓咪愛吃\n三口味供應：山藥嫩雞 / 南瓜嫩雞 / 山藥佐鮮魚\n◆ 建議食用量：給貓咪用量建議一次約2-3匙，一天的用量以不影響正餐為主喔\n◆ 開封後需冷藏保存，並於兩週內食用完畢', 10075),
(10076, 'LADY FLAVOR好味小姐 好味滴雞精營養膏', 'LADY FLAVOR好味小姐', 469, '10076-1.webp', '10076-2.webp', '10076-3.webp', '10076-4.webp', '10076-5.webp', '10076-6.webp', '保健食品', '貓', '好味滴雞精貓營養膏是一款專為貓咪設計的營養補充品。以新鮮的雞肉為主要原料，添加了多種維生素、礦物質和氨基酸，營養豐富均衡。口感優美，貓咪愛不釋手，是增進貓咪食慾的理想選擇。不含人工色素和防腐劑，安全可靠。適用於所有年齡段的貓咪，尤其適合體弱多病、剛斷奶的幼貓和老年貓使用，為貓咪提供全面的營養支持，促進健康成長。', 10076),
(10077, 'LADY FLAVOR好味小姐 好味貓補丁', 'LADY FLAVOR好味小姐', 779, '10077-1.webp', '10077-2.webp', '10077-3.webp', '10077-4.webp', '10077-5.webp', '10077-6.webp', '保健食品', '貓', '好味貓補丁是一款專為貓咪設計的營養補充產品。以優質天然食材製成，含豐富的維生素、礦物質和氨基酸，能全面滿足貓咪的營養需求。口感鮮美，貓咪愛不釋手，適用於所有年齡段的貓咪，特別適合偏食或營養不均衡的貓咪使用。不含人工色素和防腐劑，安全可靠。每天一片，方便易用，是照顧貓咪健康的理想選擇。', 10077),
(10078, 'LADY FLAVOR好味小姐 鮮食調味料 經典海陸', 'LADY FLAVOR好味小姐', 539, '10078-1.webp', '10078-2.webp', '10078-3.webp', '10078-4.webp', '10078-5.webp', '10078-6.webp', '保健食品', '貓', '\n貓咪鮮食調味料｜經典海陸是一款專為貓咪設計的美味調味料。精心挑選的海鮮和肉類原料，添加了豐富的營養成分，如維生素、礦物質和氨基酸，營養均衡。不僅能增添貓咪食物的美味，還能激發牠們的食慾。無添加人工色素和防腐劑，安全健康。適用於各種貓咪食品，如罐頭、乾糧或自製食物，為貓咪提供美味又營養的餐食體驗。讓您的貓咪享受來自大海和陸地的美味盛宴！', 10078),
(10079, 'LADY FLAVOR好味小姐 鮮食調味料 濃醇香雞', 'LADY FLAVOR好味小姐', 679, '10079-1.webp', '10079-2.webp', '10079-3.webp', '10079-4.webp', '10079-5.webp', '10079-6.webp', '保健食品', '貓', '\n貓咪鮮食調味料｜經典海陸是一款專為貓咪設計的美味調味料。精心挑選的海鮮和肉類原料，添加了豐富的營養成分，如維生素、礦物質和氨基酸，營養均衡。不僅能增添貓咪食物的美味，還能激發牠們的食慾。無添加人工色素和防腐劑，安全健康。適用於各種貓咪食品，如罐頭、乾糧或自製食物，為貓咪提供美味又營養的餐食體驗。讓您的貓咪享受來自大海和陸地的美味盛宴！', 10079),
(10080, 'LADY FLAVOR好味小姐 好味貓腸胃益生菌', 'LADY FLAVOR好味小姐', 530, '10080-1.webp', '10080-2.webp', '10080-3.webp', '10080-4.webp', '10080-5.webp', '10080-6.webp', '保健食品', '貓', '好味貓腸胃益生菌是專為貓咪腸胃健康而設計的營養保健產品。含有多種益生菌菌株，如乳酸菌和酵母菌，有效調節腸道菌群，維護腸胃健康。適用於貓咪消化不良、腹瀉或便秘等腸胃問題，能有效改善腸道功能，促進食物消化吸收。添加了天然草本成分，如甘草和薄荷，能舒緩腸道不適，減輕腹部不適感。無添加人工色素和防腐劑，安全可靠。每日一劑，方便易用，是照顧貓咪腸胃健康的理想選擇。', 10080),
(10081, 'HeroMama 蒸鮮棒棒腿', 'HeroMama', 45, '10081-1.webp', '10081-2.webp', '10081-3.webp', '10081-4.webp', '10081-5.webp', '10081-6.webp', '寵物零食', '狗', '機能食材入菜，營養滿分！ \n\n▸人工去皮，清爽不油膩 \n▸真空常溫保存，開封即食 \n▸內含高壓燉煮脆骨（建議陪同進食，避免毛孩吞噎） \n\n☑0%鹽、0%色素、0%防腐劑 \n☑HACCP、ISO22000安心雙認證', 10081),
(10082, '\nHeroMama 阿嬤養的 香烤燒肉零食100g (犬用)', 'HeroMama', 149, '10082-1.webp', '10082-2.webp', '10082-3.webp', '10082-4.webp', '10082-5.webp', '10082-6.webp', '寵物零食', '狗', '阿嬤的祖傳美味配方 \n\n▸狗狗最愛的經典零嘴！ \n▸嚴選優質鮮肉，匠心手工製作 \n\n☑0%鹽、0%色素、0%防腐劑 \n☑HACCP、ISO22000安心雙認證', 10082),
(10083, '【原肉肉鬆】丁丁牛', 'Abao', 190, '10083-1.webp', '10083-2.webp', '10083-3.webp', '10083-4.webp', '10083-5.webp', '10083-6.webp', '寵物零食', '狗', '產品特色 \n嚴選澳洲草飼牛肉，營養價值極高 \n富含牛磺酸和左旋肉鹼，有助於心血管保健 \n豐富的胺基酸及多種維生素，增強自然抵抗力 \n無鹽、低脂、低熱量，適合全犬齡食用 \n不添加防腐劑，人工色素，完全脫氧包裝 \nMIT台灣在地製造，安心有保障 \n食用方法 \n可將肉鬆倒在飼料上拌食，增加嗜口性。也可以加入鮮食或其它食材上一同食用 \n適用對象 \n不分年齡 犬貓皆可食用 \n產地 \n100% 台灣研發製造 \n內容/保存期限 \n丁丁牛 (100g) x1入 / 18個月', 10083),
(10084, '【原肉肉鬆】苔苔羊', 'Abao', 190, '10084-1.webp', '10084-2.webp', '10084-3.webp', '10084-4.webp', '10084-5.webp', '10084-6.webp', '寵物零食', '狗', '產品特色\n【澳洲草飼羊】：低敏肉類蛋白，肉質細嫩、油脂低，毛孩腸胃好健康\n【海苔片】：濃縮紫菜中的各種B群維生素，特別是核黃素、尼克酸，調節毛孩新陳代謝\n無鹽、低脂、低熱量，適合全犬齡食用\n不添加防腐劑，人工色素，完全脫氧包裝\nMIT台灣在地製造，安心有保障\n食用方法\n可將肉鬆倒在飼料上拌食，增加嗜口性。也可以加入鮮食或其它食材上一同食用\n適用對象\n不分年齡 犬貓皆可食用\n產地\n100% 台灣研發製造 \n內容/保存期限\n苔苔羊 (100g) x1入 / 18個月', 10084),
(10085, '【原肉肉鬆】寶飽鬆', 'Abao', 190, '10085-1.webp', '10085-2.webp', '10085-3.webp', '10085-4.webp', '10085-5.webp', '10085-6.webp', '寵物零食', '狗', '產品特色\n新鮮雞肉製成的無鹽雞肉寶飽鬆\n適合拌在飼料中給您的挑嘴犬食用\n採用人食級雞肉補充豐富的維生素\nA、C、E、蛋白質及不飽和脂肪酸\n無鹽、低脂、低熱量，適合全犬齡食用\n不添加防腐劑，人工色素，完全脫氧包裝\nMIT台灣在地製造，安心有保障\n食用方法\n可將肉鬆倒在飼料上拌食，增加嗜口性。也可以加入鮮食或其它食材上一同食用\n適用對象\n不分年齡 犬貓皆可食用\n產地\n100% 台灣研發製造 \n內容/保存期限\n寶飽鬆 (100g) x1入 / 18個月', 10085),
(10086, '【原肉肉鬆】蔬蔬牛', 'Abao', 190, '10086-1.webp', '10086-2.webp', '10086-3.webp', '10086-4.webp', '10086-5.webp', '10086-6.webp', '寵物零食', '狗', '產品特色 \n嚴選澳洲放牧非穀飼牛，肉質細嫩Q彈非穀飼牛豐富胺基酸及維生素，毛孩抵抗力UP! \n低溫風乾蔬菜，高麗菜胡蘿蔔，照顧好眼睛與腸胃 \n無鹽、低脂、低熱量，適合全犬齡食用 \n不添加防腐劑，人工色素，完全脫氧包裝 \nMIT台灣在地製造，安心有保障 \n食用方法 \n可將肉鬆倒在飼料上拌食，增加嗜口性。也可以加入鮮食或其它食材上一同食用 \n適用對象 \n不分年齡 犬貓皆可食用 \n產地 \n100% 台灣研發製造 \n內容/保存期限 \n蔬蔬牛 (100g) x1入 / 18個月', 10086),
(10087, '【原肉肉鬆】鯊鯊鬆', 'Abao', 190, '10087-1.webp', '10087-2.webp', '10087-3.webp', '10087-4.webp', '10087-5.webp', '10087-6.webp', '寵物零食', '狗', '產品特色 \n嚴選大西洋新鮮水鯊魚肉低溫烘烤製成 \n來自深海的魚肉【低脂肪、低熱量、高蛋白】 \n多吃深海魚能保護眼睛明亮、視力健康 \n無鹽、低脂、低熱量，適合全犬齡食用 \n不添加防腐劑，人工色素，完全脫氧包裝 \nMIT台灣在地製造，安心有保障 \n食用方法 \n可將肉鬆倒在飼料上拌食，增加嗜口性。也可以加入鮮食或其它食材上一同食用 \n適用對象 \n不分年齡 犬貓皆可食用 \n產地 \n100% 台灣研發製造 \n內容/保存期限 \n鯊鯊鬆 (100g) x1入 / 18個月', 10087),
(10088, '【好塊肉】綿綿牛肺 40g', 'Abao', 190, '10088-1.webp', '10088-2.webp', '10088-3.webp', '10088-4.webp', '10088-5.webp', '10088-6.webp', '寵物零食', '狗', '好塊肉｜100%天然原肉零食 \n⭐家長回購率意願高達𝟗𝟐.𝟕%⭐ \n✓ 口腔的咀嚼鍛練 \n✓ 滿足毛孩口腔期需求 \n✓ 內臟濃郁香氣，挑嘴系汪汪必BUY \n✓ 硬度4-5顆星！適合咬咬功力強的毛孩 \n\n【綿綿牛肺 特色介紹】 \n牛肺可益肺、止咳喘，並含有豐富的蛋白質、鐵質及銅等營養素 \n可提升免疫力及補血。 \n小塊易食，入口後會慢慢軟化 \n原肉內臟香氣濃郁，挑嘴系汪汪必買 \n\n內容物：40g \n成分：紐西蘭牛肺', 10088),
(10089, '【好塊肉】烤牛圈圈 40g', 'Abao', 190, '10089-1.webp', '10089-2.webp', '10089-3.webp', '10089-4.webp', '10089-5.webp', '10089-6.webp', '寵物零食', '狗', '好塊肉｜100%天然原肉零食 \n⭐家長回購率意願高達𝟗𝟐.𝟕%⭐ \n✓ 口腔的咀嚼鍛練 \n✓ 滿足毛孩口腔期需求 \n✓ 硬度5顆星！適合咬咬功力超強的毛孩 \n\n【烤牛圈圈 特色介紹】 \n牛軟骨屬於氣管的一部分，彈韌好口感 \n豐富的軟骨素，對保養關很有幫助 \n\n內容物：40g \n成分：紐西蘭牛氣管', 10089),
(10090, '【好塊肉】麻花鴨腱 40g', 'Abao', 190, '10090-1.webp', '10090-2.webp', '10090-3.webp', '10090-4.webp', '10090-5.webp', '10090-6.webp', '寵物零食', '狗', '好塊肉｜100%天然原肉零食 \n⭐家長回購率意願高達𝟗𝟐.𝟕%⭐ \n✓ 口腔的咀嚼鍛練 \n✓ 滿足毛孩口腔期需求 \n✓ 硬度5顆星！適合咬咬功力超強的毛孩 \n\n【麻花鴨腱 特色介紹】 \n鴨腱頭取至鴨子的食道，彈韌好口感 \n台式滷味配方的經典食材，烘烤後嚼勁十足又香脆 \n\n內容物：40g \n成分：鴨腱頭', 10090),
(10091, 'HeroMama 爽肉泥', 'HeroMama', 32, '10091-1.webp', '10091-2.webp', '10091-3.webp', '10091-4.webp', '10091-5.webp', '10091-6.webp', '寵物零食', '貓', '厭世來一根，一秒變爽！ \n▸磷鈉無添加，腎貓也可享用 \n▸4款機能，爽吃又健康 \n☑無添加色素、調味劑、甜味劑 \n爽肉泥優惠價7折，效期為08~09/2024', 10091),
(10092, 'HeroMama 倆小丁雙拼凍乾零食', 'HeroMama', 99, '10092-1.webp', '10092-2.webp', '10092-3.webp', '10092-4.webp', '10092-5.webp', '10092-6.webp', '寵物零食', '貓', '快來一丁！1+1雙重營養 \n▸優質雞肉 X 富士蘋果 \n▸大西洋鮭魚 X 切達起司 \n▸採用-20°C冷凍乾燥技術，鎖住新鮮好滋味', 10092),
(10093, 'Push! 超涮嘴凍乾 | 銷魂雞肉 30g (1入)', 'Push', 159, '10093-1.webp', '10093-2.webp', '10093-3.webp', '10093-4.webp', '10093-5.webp', '10093-6.webp', '寵物零食', '貓', '【產品規格】 \n品名：Push! 超涮嘴凍乾 | 銷魂雞肉 \n產地：台灣 Made in Taiwan \n保存期限：18個月，開封後請密封保存，並建議 60 日內食用完畢 \n內容物重量：30g±2g \n保存方式：常溫保存，並請放置於陰涼乾操處，避免陽光日照，拆封後請密封保存 \n【使用方式】 \n❶ 可搭配飼料或罐頭食用 \n❷ 泡水還原食用 \n❸ 直接餵食', 10093),
(10094, 'Push! 超涮嘴凍乾 | 牧場牛肉 30g (1入)', 'Push', 169, '10094-1.webp', '10094-2.webp', '10094-3.webp', '10094-4.webp', '10094-5.webp', '10094-6.webp', '寵物零食', '貓', '【產品規格】\n品名：Push! 超涮嘴凍乾 | 牧場牛肉\n產地：台灣 Made in Taiwan\n保存期限：18個月，開封後請密封保存，並建議 60 日內食用完畢\n內容物重量：30g±2g\n保存方式：常溫保存，並請放置於陰涼乾操處，避免陽光日照，拆封後請密封保存\n【使用方式】\n❶ 可搭配飼料或罐頭食用\n❷ 泡水還原食用\n❸ 直接餵食', 10094),
(10095, 'Push! 超涮嘴凍乾 | 深海鮪魚 30g (1入)', 'Push', 169, '10095-1.webp', '10095-2.webp', '10095-3.webp', '10095-4.webp', '10095-5.webp', '10095-6.webp', '寵物零食', '貓', '【產品規格】 \n品名：Push! 超涮嘴凍乾 | 深海鮪魚 \n產地：台灣 Made in Taiwan \n保存期限：18個月，開封後請密封保存，並建議 60 日內食用完畢 \n內容物重量：30g±2g \n保存方式：常溫保存，並請放置於陰涼乾操處，避免陽光日照，拆封後請密封保存 \n【使用方式】 \n❶ 可搭配飼料或罐頭食用 \n❷ 泡水還原食用 \n❸ 直接餵食', 10095),
(10096, 'HAPPY 機能噗滋包 x 肌不可失H（甲魚雞肉口味）110g', 'Push', 525, '10096-1.webp', '10096-2.webp', '10096-3.webp', '10096-4.webp', '10096-5.webp', '10096-6.webp', '寵物零食', '貓', '🔥 機能噗滋包 x 主食肉泥\n🔥 累積成為 VIP，筆筆再享隱藏優惠！\n▮ 添加維生素 H，輔助毛孩肌不可失\n▮ 豐富氨基酸的甲魚為肉底，補足礦物質\n▮ 全台首創扭蓋設計，冰過也不流失肉香\n▮ MIT 在地生產，食材全段追溯最安心\n▮ 最適合分餐餵食的主食肉泥\n▮ 符合AAFCO&FEDIAF營養標準\n▮ 高溫蒸煮袋，高效殺菌更能保留食物營養\n▮ 包裝不附矽膠湯匙，結帳頁面可另行加購', 10096),
(10097, 'HAPPY 機能噗滋包 x 水潤亮眼A（鮭魚鮪魚口味）110g', 'Push', 525, '10097-1.webp', '10097-2.webp', '10097-3.webp', '10097-4.webp', '10097-5.webp', '10097-6.webp', '寵物零食', '貓', '🔥 機能噗滋包 x 主食肉泥 \n🔥 累積成為 VIP，筆筆再享隱藏優惠！ \n▮ 添加維生素 A 配方 \n▮ 添加富含多醣體的山藥以及葉黃素之稱的菠菜 \n替毛孩護眼又補鈣 \n▮ 全台首創扭蓋設計，冰過也不流失肉香 \n▮ MIT 在地生產，食材全段追溯最安心 \n▮ 最適合分餐餵食的主食肉泥 \n▮ 符合AAFCO&FEDIAF營養標準 \n▮ 高溫蒸煮袋，高效殺菌更能保留食物營養 \n▮ 包裝不附矽膠湯匙，結帳頁面可另行加購', 10097),
(10098, 'HAPPY 機能噗滋包 x 腸腸久久P（雞肉鵪鶉口味）110g', 'Push', 525, '10098-1.webp', '10098-2.webp', '10098-3.webp', '10098-4.webp', '10098-5.webp', '10098-6.webp', '寵物零食', '貓', '🔥 機能噗滋包 x 主食肉泥 \n🔥 累積成為 VIP，筆筆再享隱藏優惠！ \n▮ 添加蕈中之冠的白木耳 \n▮ 滿滿的膳食纖維幫助毛孩腸胃健康 \n▮ 全台首創扭蓋設計，冰過也不流失肉香 \n▮ MIT 在地生產，食材全段追溯最安心 \n▮ 最適合分餐餵食的主食肉泥 \n▮ 符合AAFCO&FEDIAF營養標準 \n▮ 高溫蒸煮袋，高效殺菌更能保留食物營養 \n▮ 包裝不附矽膠湯匙，結帳頁面可另行加購', 10098),
(10099, 'HAPPY 機能噗滋包 x 健骨擔當P（鮪魚吻仔魚口味）110g', 'Push', 525, '10099-1.webp', '10099-2.webp', '10099-3.webp', '10099-4.webp', '10099-5.webp', '10099-6.webp', '寵物零食', '貓', '🔥 機能噗滋包 x 主食肉泥 \n🔥 累積成為 VIP，筆筆再享隱藏優惠！ \n▮ 特級白身鮪魚以及吻仔魚黃金比例 \n▮ 補充滿滿的鈣質，和毛孩一起蹦蹦跳跳 \n▮ 全台首創扭蓋設計，冰過也不流失肉香 \n▮ MIT 在地生產，食材全段追溯最安心 \n▮ 最適合分餐餵食的主食肉泥 \n▮ 符合AAFCO&FEDIAF營養標準 \n▮ 高溫蒸煮袋，高效殺菌更能保留食物營養 \n▮ 包裝不附矽膠湯匙，結帳頁面可另行加購', 10099),
(10100, 'HAPPY 機能噗滋包 x 貪吃小嘴Y（雞肉雞湯口味）110g', 'Push', 525, '10100-1.webp', '10100-2.webp', '10100-3.webp', '10100-4.webp', '10100-5.webp', '10100-6.webp', '寵物零食', '貓', '🔥 機能噗滋包 x 主食肉泥 \n🔥 累積成為 VIP，筆筆再享隱藏優惠！ \n▮ 添加熬煮的元氣雞湯 \n▮ 由果實磨成粉的木天寥促進食慾 \n▮ 全台首創扭蓋設計，冰過也不流失肉香 \n▮ MIT 在地生產，食材全段追溯最安心 \n▮ 最適合分餐餵食的主食肉泥 \n▮ 符合AAFCO&FEDIAF營養標準 \n▮ 高溫蒸煮袋，高效殺菌更能保留食物營養 \n▮ 包裝不附矽膠湯匙，結帳頁面可另行加購', 10100);

-- --------------------------------------------------------

--
-- 資料表結構 `product_color`
--

CREATE TABLE `product_color` (
  `id` int(11) NOT NULL,
  `pid` int(11) NOT NULL,
  `cid` int(11) NOT NULL,
  `created_at` datetime NOT NULL,
  `updated_at` datetime NOT NULL
) ENGINE=InnoDB DEFAULT CHARSET=utf8 COLLATE=utf8_general_ci;

-- --------------------------------------------------------

--
-- 資料表結構 `product_size`
--

CREATE TABLE `product_size` (
  `id` int(11) NOT NULL,
  `pid` int(11) NOT NULL,
  `sid` int(11) NOT NULL,
  `created_at` datetime NOT NULL,
  `updated_at` datetime NOT NULL
) ENGINE=InnoDB DEFAULT CHARSET=utf8 COLLATE=utf8_general_ci;

-- --------------------------------------------------------

--
-- 資料表結構 `product_tag`
--

CREATE TABLE `product_tag` (
  `id` int(11) NOT NULL,
  `pid` int(11) NOT NULL,
  `tid` int(11) NOT NULL,
  `created_at` datetime NOT NULL,
  `updated_at` datetime NOT NULL
) ENGINE=InnoDB DEFAULT CHARSET=utf8 COLLATE=utf8_general_ci;

-- --------------------------------------------------------

--
-- 資料表結構 `psycological_test`
--

CREATE TABLE `psycological_test` (
  `question_id` int(11) NOT NULL,
  `question_content` varchar(50) NOT NULL,
  `option_a` varchar(30) NOT NULL,
  `option_b` varchar(30) NOT NULL,
  `option_c` varchar(30) NOT NULL,
  `option_d` varchar(30) NOT NULL,
  `option_value_a` int(11) NOT NULL,
  `option_value_b` int(11) NOT NULL,
  `option_value_c` int(11) NOT NULL,
  `option_value_d` int(11) NOT NULL
) ENGINE=InnoDB DEFAULT CHARSET=utf8mb4 COLLATE=utf8mb4_general_ci;

--
-- 傾印資料表的資料 `psycological_test`
--

INSERT INTO `psycological_test` (`question_id`, `question_content`, `option_a`, `option_b`, `option_c`, `option_d`, `option_value_a`, `option_value_b`, `option_value_c`, `option_value_d`) VALUES
(10001, '面對挑戰，你通常會如何應對困境，展現什麼樣的態度？', '立即解決問題', '尋求他人的建議', '靜待事情好轉', '快速做出暫時性決策', 4, 1, 2, 3),
(10002, '在社交方面，我偏好哪些活動或者與誰交流？', '大型派對', '小團體聚會', '獨自享受寧靜時光', '參與志願服務或社區活動', 2, 1, 3, 4),
(10003, '面對生活壓力，你是否會選擇什麼解決的方式？', '選擇運動或活動', '找朋友倾诉', '需要一段獨處時間', '喜歡保持獨立，不與他人分享', 1, 4, 3, 2),
(10004, '你對未來的展望和期待是否有明確的目標或規劃？', '樂觀，充滿希望', '實際，踏實計劃', '隨遇而安，不做過多預期', '認為未來是一個迷人的謎題', 2, 1, 4, 3),
(10005, '在工作或學習中，你更加注重什麼樣的回饋？', '成果和成就', '團隊合作', '個人成長和學習', '與他人建立良好的人際關係', 1, 2, 3, 4),
(10006, '當你感到不安焦慮時，通常會如何自我安慰或緩解情緒？', '與朋友討論', '尋找冥想或放鬆的方法', '採取積極行動解決問題', '喜歡沉浸在音樂或藝術中', 2, 1, 4, 3),
(10007, '在做決定時，你主要會考慮那些方面來協助判斷？', '聽取他人的建議', '考慮自己的感覺', '依循邏輯和事實', '依靠直覺和第一印象', 1, 2, 3, 4),
(10008, '對於未知的事物或情況，你會抱持著什麼樣的心情？', '興奮和好奇', '謹慎和藉由資訊獲取安全感', '無所謂，隨遇而安', '視未知為挑戰並迎接', 2, 4, 3, 1),
(10009, '你對於生活的安排規劃，通常採取什麼樣的態度？', '喜歡事先計畫', '保持彈性，不受拘束', '視情況而定，靈活應對', '更喜歡隨心所欲，不受約束', 1, 2, 3, 4),
(10010, '在壓力下，你更傾向於那些方面的改變？', '變得更有組織', '變得更富創造力', '變得更焦慮', '表現出冷靜和冷靜', 2, 1, 4, 3),
(10011, '你通常喜歡從事哪些娛樂活動或者休閒方式？', '冒險刺激的活動', '文藝演出或藝術展', '放鬆的大自然漫遊', '在家中享受平靜的時光', 1, 4, 3, 2),
(10012, '對於周遭親友的需求，你通常採取的行動為何？', '立即提供協助', '先確保自己能力再考慮', '給予空間，讓對方自行解決', '主動了解對方的需求', 2, 1, 3, 4);

-- --------------------------------------------------------

--
-- 資料表結構 `psycological_test_result`
--

CREATE TABLE `psycological_test_result` (
  `result_id` int(11) NOT NULL,
  `personality_type` varchar(6) DEFAULT NULL,
  `pic` varchar(100) DEFAULT NULL,
  `type__content` varchar(200) NOT NULL
) ENGINE=InnoDB DEFAULT CHARSET=utf8mb4 COLLATE=utf8mb4_general_ci;

--
-- 傾印資料表的資料 `psycological_test_result`
--

INSERT INTO `psycological_test_result` (`result_id`, `personality_type`, `pic`, `type__content`) VALUES
(10001, '敏感型', '10001.jpg', '敏感型的浪浪面對不同的人事物很容易會出現情緒激動等，或是面對新狀況時顯得膽小、缺乏安全感。對待害羞又敏感的狗狗，就要多花一點耐心與愛。'),
(10002, '樂天型', '10002.jpg', '樂天型的浪浪精力充沛，他們愛所有人、愛玩耍。不過這種性格的狗狗往往太過熱情，一些大型犬若沒有從小訓練很可能「沒禮貌」地跳上人家的身上表示歡迎。所以適當地教導他們冷靜、禮貌與服從你的命令很重要。'),
(10003, '獨立型', '10003.jpg', '獨立型的浪浪通常只願意與他認可的一兩個人建立關係，對待其他人感覺很冷漠。就算主人不在，他們通常也能將自己照顧得很好。'),
(10004, '自信型', '10004.jpg', '自信型的浪浪善於擔任領導者的角色。他善於面對新情況，表現勇敢、甚至出現興奮的態度；在肢體語言上也充滿信心。'),
(10005, '適應型', '10005.jpg', '適應型的浪浪最好相處了，也最容易訓練。牠們通常願意主動去取悅主人，但不會如樂天型的那麼熱情、過於失控，個性友好、冷靜、有愛心，和不同的小動物也能相處得很好，展現成熟的姿態。');

-- --------------------------------------------------------

--
-- 資料表結構 `purchase_item`
--

CREATE TABLE `purchase_item` (
  `id` int(11) NOT NULL,
  `order_id` varchar(255) NOT NULL,
  `product_id` int(11) NOT NULL,
  `quantity` int(11) DEFAULT NULL,
  `created_at` datetime NOT NULL,
  `updated_at` datetime NOT NULL
) ENGINE=InnoDB DEFAULT CHARSET=utf8 COLLATE=utf8_general_ci;

-- --------------------------------------------------------

--
-- 資料表結構 `purchase_order`
--

CREATE TABLE `purchase_order` (
  `id` varchar(255) NOT NULL COMMENT 'UUID',
  `user_id` int(11) NOT NULL,
  `amount` int(11) DEFAULT NULL,
  `transaction_id` varchar(255) DEFAULT NULL,
  `payment` varchar(255) DEFAULT NULL COMMENT 'LINE Pay, 信用卡, ATM',
  `shipping` varchar(255) DEFAULT NULL COMMENT '7-11, Family Mart, Hi-Life, OK Mart, 郵局, 宅配',
  `status` varchar(255) DEFAULT NULL COMMENT 'pending, paid, fail, cancel, error',
  `order_info` text DEFAULT NULL COMMENT 'send to line pay',
  `reservation` text DEFAULT NULL COMMENT 'get from line pay',
  `confirm` text DEFAULT NULL COMMENT 'confirm from line pay',
  `return_code` varchar(255) DEFAULT NULL,
  `created_at` datetime NOT NULL,
  `updated_at` datetime NOT NULL
) ENGINE=InnoDB DEFAULT CHARSET=utf8 COLLATE=utf8_general_ci;

-- --------------------------------------------------------

--
-- 資料表結構 `reserve_system`
--

CREATE TABLE `reserve_system` (
  `reservation_id` int(11) NOT NULL,
  `pet_id` int(11) NOT NULL,
  `user_id` int(11) NOT NULL,
  `time` datetime NOT NULL
) ENGINE=InnoDB DEFAULT CHARSET=utf8mb4 COLLATE=utf8mb4_general_ci;

--
-- 傾印資料表的資料 `reserve_system`
--

INSERT INTO `reserve_system` (`reservation_id`, `pet_id`, `user_id`, `time`) VALUES
(10001, 10001, 0, '2024-04-29 11:05:00'),
(10002, 10002, 0, '2024-04-12 14:25:00'),
(10003, 10003, 0, '2024-03-28 13:10:00'),
(10004, 10004, 0, '2024-04-13 16:21:00'),
(10005, 10005, 0, '2024-04-10 15:21:00'),
(10006, 10006, 0, '2024-03-26 09:56:00'),
(10007, 10007, 0, '2024-04-07 11:34:00'),
(10008, 10008, 0, '2024-04-09 09:26:00'),
(10009, 10009, 0, '2024-04-01 11:33:00'),
(10010, 10010, 0, '2024-04-21 13:04:00');

-- --------------------------------------------------------

--
-- 資料表結構 `reviews`
--

CREATE TABLE `reviews` (
  `reviews_id` int(11) NOT NULL,
  `product_id` int(11) NOT NULL,
  `user_id` int(11) NOT NULL,
  `content` varchar(100) NOT NULL,
  `time` datetime NOT NULL,
  `score` int(11) NOT NULL
) ENGINE=InnoDB DEFAULT CHARSET=utf8mb4 COLLATE=utf8mb4_general_ci;

--
-- 傾印資料表的資料 `reviews`
--

INSERT INTO `reviews` (`reviews_id`, `product_id`, `user_id`, `content`, `time`, `score`) VALUES
(0, 0, 0, '', '0000-00-00 00:00:00', 0),
(10001, 10001, 10001, '寵物可能對其中某些成分過敏。', '2024-05-12 00:00:00', 1),
(10002, 10002, 10002, '這款寵物飼料的成分很天然，給寵物提供了均衡的營養。', '2024-02-06 00:00:00', 5),
(10003, 10003, 10003, '這款寵物飼料添加了許多營養成分，有助於寵物健康成長。', '2024-04-15 00:00:00', 4),
(10004, 10004, 10004, '這款寵物飼料的價格相對實惠，適合大眾消費。', '2024-02-02 00:00:00', 5),
(10005, 10005, 10005, '這種寵物飼料的包裝設計很方便，可以輕鬆儲存和使用。', '2024-05-02 00:00:00', 5),
(10006, 10006, 10006, '包裝開啟後難以關閉。', '2024-02-08 00:00:00', 1),
(10007, 10007, 10007, '發現顆粒容易碎裂，可能會造成浪費。', '2024-03-27 00:00:00', 1),
(10008, 10008, 10008, '不含人工添加劑，比較健康安全。', '2024-04-29 00:00:00', 3),
(10009, 10009, 10009, '這款寵物飼料的營養成分含量很高，能夠滿足寵物的日常需求。', '2024-01-20 00:00:00', 5),
(10010, 10010, 10010, '油脂含量過高，容易導致寵物肥胖。', '2024-05-06 00:00:00', 1),
(10011, 10011, 10001, '口味稍顯平淡，寵物可能不太喜歡。', '2024-01-14 00:00:00', 2),
(10012, 10012, 10002, '內容物與外包裝不太相符，有點誇大。', '2024-05-08 00:00:00', 1),
(10013, 10013, 10003, '這款寵物飼料的成分清單清晰明瞭。', '2024-04-01 00:00:00', 3),
(10014, 10014, 10004, '這款寵物飼料的包裝設計簡潔大方，方便存放和攜帶。', '2024-04-19 00:00:00', 5),
(10015, 10015, 10005, '這款寵物飼料添加了許多維生素和礦物質，有助於寵物健康。', '2024-04-28 00:00:00', 5),
(10016, 10016, 10006, '寵物可能對其口感不太感興趣。', '2024-01-10 00:00:00', 2),
(10017, 10017, 10007, '添加的過多，可能導致營養過剩。', '2024-05-08 00:00:00', 1),
(10018, 10018, 10008, '其中的原料來源，希望更多透明化。', '2024-04-24 00:00:00', 1),
(10019, 10019, 10009, '這款寵物飼料的顆粒大小適中，易於消化。', '2024-01-02 00:00:00', 4),
(10020, 10020, 10010, '顆粒過小，寵物可能不太願意咀嚼。', '2024-01-10 00:00:00', 2),
(10021, 10021, 10001, '這款寵物罐頭的肉質不勻，味道普普。', '2024-02-16 00:00:00', 2),
(10022, 10022, 10002, '這款寵物罐頭的成分列表清晰明瞭，不含添加劑和防腐劑，給我的寵物吃得安心。', '2024-03-01 00:00:00', 4),
(10023, 10023, 10003, '口感稍顯平淡，寵物可能不太感興趣。', '2024-04-12 00:00:00', 2),
(10024, 10024, 10004, '這款寵物罐頭添加了多種維生素和礦物質，有助於寵物的全面健康。', '2024-02-11 00:00:00', 3),
(10025, 10025, 10005, '寵物罐頭的外觀設計吸引人，讓人一眼就能被吸引。', '2024-02-11 00:00:00', 4),
(10026, 10026, 10006, '這款寵物罐頭添加了多種口味，滿足不同寵物的口味需求。', '2024-02-20 00:00:00', 5),
(10027, 10027, 10007, '這款寵物罐頭的質地細膩，容易消化，對於消化不良的寵物很適合。', '2024-03-24 00:00:00', 3),
(10028, 10028, 10008, '這款寵物罐頭的外包裝簡潔大方，容易辨認，方便存放。', '2024-01-18 00:00:00', 5),
(10029, 10029, 10009, '這款寵物罐頭的香味濃郁，吸引寵物食慾，食材新鮮。', '2024-01-14 00:00:00', 4),
(10030, 10030, 10010, '罐頭的保存期限較短，容易變質。', '2024-05-06 00:00:00', 2),
(10031, 10031, 10001, '罐頭的份量過小，不夠滿足大食量的寵物。', '2024-04-15 00:00:00', 2),
(10032, 10032, 10002, '寵物罐頭添加了豐富的植物蛋白，有助於寵物獲得全面的營養。', '2024-02-14 00:00:00', 3),
(10033, 10033, 10003, '這款寵物罐頭採用了可回收材料製作，對環境友好。', '2024-04-25 00:00:00', 4),
(10034, 10034, 10004, '寵物罐頭的包裝設計精美，適合作為禮物送給其他寵物主人。', '2024-01-16 00:00:00', 5),
(10035, 10035, 10005, '罐頭添加了Omega-3脂肪酸，有助於維護寵物皮膚和毛髮健康。', '2024-05-06 00:00:00', 3),
(10036, 10036, 10006, '罐頭的食材選擇多樣，滿足了各種寵物的口味喜好。', '2024-05-01 00:00:00', 4),
(10037, 10037, 10007, '食材之間的搭配不夠協調，口感可能稍差。', '2024-04-04 00:00:00', 1),
(10038, 10038, 10008, '添加的草本成分可能對某些寵物引起不適。', '2024-02-27 00:00:00', 1),
(10039, 10039, 10009, '寵物罐頭的包裝尺寸適中，方便攜帶，適合出行時使用。', '2024-01-12 00:00:00', 4),
(10040, 10040, 10010, '這款寵物罐頭的食材來源可追溯，有助於消費者放心選購。', '2024-04-06 00:00:00', 5),
(10041, 10041, 10001, '用品的質量非常好，非常堅固耐用，我家的寵物用了很長時間都沒有壞。', '2024-03-10 00:00:00', 4),
(10042, 10042, 10002, '用品的外觀設計獨特，非常吸引人，我家的寵物一看到就喜歡。', '2024-04-01 00:00:00', 5),
(10043, 10043, 10003, '價格偏高，不太符合預算。', '2024-01-05 00:00:00', 1),
(10044, 10044, 10004, '外觀過於花俏，缺乏實用性。', '2024-02-29 00:00:00', 1),
(10045, 10045, 10005, '用品的材料環保健康，沒有化學添加劑，給寵物提供了安全的使用體驗。', '2024-02-02 00:00:00', 5),
(10046, 10046, 10006, '這款寵物用品的價格實惠，性價比很高，是很好的選擇。', '2024-02-09 00:00:00', 5),
(10047, 10047, 10007, '用品的功能非常多，可以滿足各種寵物的需求，非常實用。', '2024-02-13 00:00:00', 4),
(10048, 10048, 10008, '適合作為禮物送給其他寵物主人。', '2024-01-30 00:00:00', 5),
(10049, 10049, 10009, '用戶認為質地偏硬，可能對寵物造成不適。', '2024-04-27 00:00:00', 2),
(10050, 10050, 10010, '質量可靠，經得起寵物的咬嚼和抓挠，非常耐用', '2024-01-23 00:00:00', 4),
(10051, 10051, 10001, '材料質地偏輕，不太堅固耐用。', '2024-04-25 00:00:00', 2),
(10052, 10052, 10002, '可以滿足寵物的大多需求，很實用。', '2024-04-17 00:00:00', 3),
(10053, 10053, 10003, '方法非常簡單，不需要太多的操作，適合新手主人。', '2024-04-04 00:00:00', 3),
(10054, 10054, 10004, '使用下來認為價格偏高，不太划算。', '2024-04-04 00:00:00', 2),
(10055, 10055, 10005, '用品的材料環保健康，對寵物和環境都很友好。', '2024-01-30 00:00:00', 3),
(10056, 10056, 10006, '用戶認為材料味道稍重，可能不太受寵物歡迎。', '2024-01-09 00:00:00', 2),
(10057, 10057, 10007, '包裝設計過於簡單，可能給人一種廉價感。', '2024-01-22 00:00:00', 1),
(10058, 10058, 10008, '這款寵物用品的外觀設計簡潔大方，非常適合寵物。', '2024-02-13 00:00:00', 5),
(10059, 10059, 10009, '價格在同類產品中相對較低，非常適合預算有限的主人。', '2024-03-13 00:00:00', 3),
(10060, 10060, 10010, '部分材料可能存在質量問題，使用時間長了可能出現磨損。', '2024-04-02 00:00:00', 2),
(10061, 10061, 10001, '添加的成分可能對寵物造成過敏或不良反應。', '2024-02-04 00:00:00', 2),
(10062, 10062, 10002, '需要長期使用才能看到明顯效果，不夠立竿見影。', '2024-02-19 00:00:00', 2),
(10063, 10063, 10003, '保健用品的使用方法簡單，效果顯著，能夠有效預防寵物的常見疾病。', '2024-04-15 00:00:00', 5),
(10064, 10064, 10004, '認為價格偏高，不太划算。', '2024-01-14 00:00:00', 1),
(10065, 10065, 10005, '含有豐富的維生素和礦物質，有助於提升寵物的免疫力和整體健康。', '2024-04-11 00:00:00', 4),
(10066, 10066, 10006, '添加了天然草本成分，有助於緩解寵物的焦慮和壓力。', '2024-01-01 00:00:00', 3),
(10067, 10067, 10007, '通過了專業機構的認證，品質有保證，安全可靠。', '2024-02-23 00:00:00', 5),
(10068, 10068, 10008, '草本成分的效果因寵物個體而異，並不適用於所有寵物。', '2024-01-05 00:00:00', 2),
(10069, 10069, 10009, '每次買包裝都有許多破損，需要改進。', '2024-01-09 00:00:00', 1),
(10070, 10070, 10010, '抗菌成分可能對寵物皮膚造成刺激。', '2024-04-15 00:00:00', 1),
(10071, 10071, 10001, '添加了美毛因子，有助於改善寵物的毛髮質量和亮澤度。', '2024-03-16 00:00:00', 4),
(10072, 10072, 10002, '效果不夠顯著，可能需要長期使用才能看到明顯效果。', '2024-03-06 00:00:00', 2),
(10073, 10073, 10003, '果因寵物個體差異而異，並不適用於所有寵物。', '2024-02-04 00:00:00', 3),
(10074, 10074, 10004, '天然成分可能導致產品保存期限較短，需要注意保存。', '2024-03-04 00:00:00', 2),
(10075, 10075, 10005, '有舒緩和鎮靜的功效，能夠有效緩解寵物的焦慮和不安情緒。', '2024-01-03 00:00:00', 4),
(10076, 10076, 10006, '味道可能過於濃烈，不適合部分寵物的口味。', '2024-01-07 00:00:00', 2),
(10077, 10077, 10007, '成分過於專業，難以理解。', '2024-01-20 00:00:00', 2),
(10078, 10078, 10008, '效果因寵物體質差異而有所不同，需謹慎選擇。', '2024-01-19 00:00:00', 1),
(10079, 10079, 10009, '獲得了許多專業機構的推薦和認證，品質有保證，值得信賴。', '2024-03-10 00:00:00', 3),
(10080, 10080, 10010, '價格低廉可能意味著產品質量不佳，需謹慎考慮。', '2024-01-18 00:00:00', 2),
(10081, 10081, 10001, '寵物零食口感香脆，寵物愛不釋手，是訓練和犒賞的理想選擇。', '2024-03-27 00:00:00', 4),
(10082, 10082, 10002, '分可能過於油膩，不太適合長期食用。', '2024-03-17 00:00:00', 1),
(10083, 10083, 10003, '零食的包裝設計精美，方便攜帶，可以隨時隨地給寵物享用。', '2024-03-01 00:00:00', 4),
(10084, 10084, 10004, '添加了天然成分，無添加人工色素和防腐劑，安全健康。', '2024-03-24 00:00:00', 3),
(10085, 10085, 10005, '富含蛋白質和營養元素，有助於寵物的生長發育和健康。', '2024-03-19 00:00:00', 4),
(10086, 10086, 10006, '零食外包裝簡潔大方，易於攜帶，是出行時寵物的理想伴侶。', '2024-02-25 00:00:00', 5),
(10087, 10087, 10007, '添加了酵母等成分，有助於促進寵物的消化吸收和腸道健康。', '2024-02-19 00:00:00', 5),
(10088, 10088, 10008, '酵母成分可能導致過敏反應，需注意。', '2024-01-18 00:00:00', 3),
(10089, 10089, 10009, '設計可能過於簡單，缺乏吸引力。', '2024-01-02 00:00:00', 3),
(10090, 10090, 10010, '包裝可能不夠堅固，易損壞。', '2024-04-12 00:00:00', 1),
(10091, 10091, 10001, '零食的生產工藝優良，保證了產品的品質和新鮮度', '2024-05-04 00:00:00', 5),
(10092, 10092, 10002, '口味可能過於濃烈，不適合所有寵物的口味。', '2024-04-24 00:00:00', 1),
(10093, 10093, 10003, '天然成分可能導致產品保存期限較短。', '2024-05-06 00:00:00', 2),
(10094, 10094, 10004, '認為過多攝取可能導致腹瀉或消化不良。', '2024-03-28 00:00:00', 1),
(10095, 10095, 10005, '部分口味可能不夠吸引，寵物不感興趣。', '2024-02-27 00:00:00', 1),
(10096, 10096, 10006, '過度使用可能導致寵物依賴性過強。', '2024-01-05 00:00:00', 1),
(10097, 10097, 10007, '柔軟口感可能導致寵物過度進食，需注意控制份量。', '2024-05-08 00:00:00', 1),
(10098, 10098, 10008, '零食的生產工藝環保無害，符合國際食品安全標準，品質有保證。', '2024-04-09 00:00:00', 4),
(10099, 10099, 10009, '添加的成分可能對寵物腎臟造成負擔，需謹慎使用。', '2024-05-04 00:00:00', 2),
(10100, 10100, 10010, '包裝設計可能存在虛假宣傳的情況，需審慎選擇。', '2024-01-10 00:00:00', 1);

-- --------------------------------------------------------

--
-- 資料表結構 `size`
--

CREATE TABLE `size` (
  `id` int(11) NOT NULL,
  `name` varchar(255) NOT NULL,
  `created_at` datetime NOT NULL,
  `updated_at` datetime NOT NULL
) ENGINE=InnoDB DEFAULT CHARSET=utf8 COLLATE=utf8_general_ci;

-- --------------------------------------------------------

--
-- 資料表結構 `tag`
--

CREATE TABLE `tag` (
  `id` int(11) NOT NULL,
  `name` varchar(255) NOT NULL,
  `created_at` datetime NOT NULL,
  `updated_at` datetime NOT NULL
) ENGINE=InnoDB DEFAULT CHARSET=utf8 COLLATE=utf8_general_ci;

-- --------------------------------------------------------

--
-- 資料表結構 `user`
--

CREATE TABLE `user` (
  `user_id` int(11) NOT NULL,
  `name` varchar(255) NOT NULL,
  `password` varchar(255) DEFAULT NULL,
  `phone` varchar(255) DEFAULT NULL,
  `email` varchar(255) DEFAULT NULL,
  `pic` varchar(255) DEFAULT NULL,
  `address_detail` varchar(255) DEFAULT NULL,
  `status` varchar(255) DEFAULT NULL,
  `google_uid` varchar(255) DEFAULT NULL,
  `line_uid` varchar(255) DEFAULT NULL,
  `line_access_token` text DEFAULT NULL,
  `created_at` datetime NOT NULL,
  `updated_at` datetime NOT NULL
) ENGINE=InnoDB DEFAULT CHARSET=utf8 COLLATE=utf8_general_ci;

--
-- 傾印資料表的資料 `user`
--

INSERT INTO `user` (`user_id`, `name`, `password`, `phone`, `email`, `pic`, `address_detail`, `status`, `google_uid`, `line_uid`, `line_access_token`, `created_at`, `updated_at`) VALUES
(10001, '白賢祐', 'Pa55w.rd01', '912345678', ' Hyunwoo01@gmail.com', '10001.jpg', '桃園市龜山區萬壽路１段14號', '', '', '', NULL, '0000-00-00 00:00:00', '0000-00-00 00:00:00'),
(10002, '洪海仁', 'Pa55w.rd02', '987654321', 'Hairen02@gmail.com', '10002.jpg', '屏東縣鹽埔鄉博愛街58號', '', '', '', NULL, '0000-00-00 00:00:00', '0000-00-00 00:00:00'),
(10003, '洪秀哲', 'Pa55w.rd03', '923456789', 'Xiuzhe03@gmail.com', '10003.jpg', '嘉義市西區博愛市場7號12樓之16', '', '', '', NULL, '0000-00-00 00:00:00', '0000-00-00 00:00:00'),
(10004, '千多慧', 'Pa55w.rd04', '956789123', 'Duohui04@gmail.com', '10004.jpg', '宜蘭縣大同鄉泰雅路６段7號', '', '', '', NULL, '0000-00-00 00:00:00', '0000-00-00 00:00:00'),
(10005, '洪凡資', 'Pa55w.rd05', '934567890', 'Fanzi05@gmail.com', '', '新竹縣竹北市光明六路51號', '', '', '', NULL, '0000-00-00 00:00:00', '0000-00-00 00:00:00'),
(10006, '全峰藹', 'Pa55w.rd06', '978912345', 'Fengai06@gmail.com', '', '新竹縣竹北市豆子埔57號之11', '', '', '', NULL, '0000-00-00 00:00:00', '0000-00-00 00:00:00'),
(10007, '白斗關', 'Pa55w.rd07', '945678912', 'baiduguan07@gmail.com', '', '彰化縣社頭鄉中', '', '', '', NULL, '0000-00-00 00:00:00', '0000-00-00 00:00:00'),
(10008, '尹殷盛', 'Pa55w.rd08', '901234567', 'Yinsheng08@gmail.com', '10008.jpg', '新竹縣湖口鄉中平路１段38號之3', '', '', '', NULL, '0000-00-00 00:00:00', '0000-00-00 00:00:00'),
(10009, '羅彩妍', 'Pa55w.rd09', '967890123', 'Caiyan09@gmail.com', '', '桃園市大園區國際路２段6號2樓', '', '', '', NULL, '0000-00-00 00:00:00', '0000-00-00 00:00:00'),
(10010, '金陽基', 'Pa55w.rd10', '998765432', 'Yangki10@gmail.com', '', '新竹市北區西安街48號', '', '', '', NULL, '0000-00-00 00:00:00', '0000-00-00 00:00:00'),
(10030, '榮恩', '$2b$10$SpklUhANZCuV0mxEVO73QOisqiagk1HT64dY5gIp5Q4T.E7Ervbf.', 'ron', 'ron@test.com', NULL, NULL, NULL, NULL, NULL, NULL, '0000-00-00 00:00:00', '0000-00-00 00:00:00');

--
-- 已傾印資料表的索引
--

--
-- 資料表索引 `adopt`
--
ALTER TABLE `adopt`
  ADD PRIMARY KEY (`adopt_id`);

--
-- 資料表索引 `blog`
--
ALTER TABLE `blog`
  ADD PRIMARY KEY (`blog_id`) USING BTREE,
  ADD KEY `pet_info_blog_fk` (`pet_id`);

--
-- 資料表索引 `brand`
--
ALTER TABLE `brand`
  ADD PRIMARY KEY (`id`);

--
-- 資料表索引 `category`
--
ALTER TABLE `category`
  ADD PRIMARY KEY (`id`);

--
-- 資料表索引 `color`
--
ALTER TABLE `color`
  ADD PRIMARY KEY (`id`);

--
-- 資料表索引 `faq_report`
--
ALTER TABLE `faq_report`
  ADD PRIMARY KEY (`fr_id`);

--
-- 資料表索引 `faq_shopinfo`
--
ALTER TABLE `faq_shopinfo`
  ADD PRIMARY KEY (`question_id`);

--
-- 資料表索引 `favorite`
--
ALTER TABLE `favorite`
  ADD PRIMARY KEY (`favorite_id`),
  ADD KEY `pet_info_favorite_fk` (`pet_id`),
  ADD KEY `user_favorite_fk` (`user_id`);

--
-- 資料表索引 `mypet`
--
ALTER TABLE `mypet`
  ADD PRIMARY KEY (`mypet_id`),
  ADD KEY `pet_info_mypet_fk` (`pet_id`),
  ADD KEY `user_mypet_fk` (`user_id`);

--
-- 資料表索引 `notice_adoptinfo`
--
ALTER TABLE `notice_adoptinfo`
  ADD PRIMARY KEY (`question_adopt_id`);

--
-- 資料表索引 `online_virtual_adoption_form`
--
ALTER TABLE `online_virtual_adoption_form`
  ADD PRIMARY KEY (`adopt_id`),
  ADD KEY `pet_info_online_virtual__adoption_form_fk` (`pet_id`),
  ADD KEY `user_online_virtual__adoption_form_fk` (`user_id`);

--
-- 資料表索引 `order_detail`
--
ALTER TABLE `order_detail`
  ADD PRIMARY KEY (`order_detail_id`),
  ADD KEY `commodity_order_detail_fk` (`product_id`);

--
-- 資料表索引 `order_history`
--
ALTER TABLE `order_history`
  ADD PRIMARY KEY (`order_id`);

--
-- 資料表索引 `otp`
--
ALTER TABLE `otp`
  ADD PRIMARY KEY (`id`);

--
-- 資料表索引 `pet_action`
--
ALTER TABLE `pet_action`
  ADD PRIMARY KEY (`action_id`);

--
-- 資料表索引 `pet_info`
--
ALTER TABLE `pet_info`
  ADD PRIMARY KEY (`pet_id`);

--
-- 資料表索引 `product`
--
ALTER TABLE `product`
  ADD PRIMARY KEY (`product_id`);

--
-- 資料表索引 `product_color`
--
ALTER TABLE `product_color`
  ADD PRIMARY KEY (`id`);

--
-- 資料表索引 `product_size`
--
ALTER TABLE `product_size`
  ADD PRIMARY KEY (`id`);

--
-- 資料表索引 `product_tag`
--
ALTER TABLE `product_tag`
  ADD PRIMARY KEY (`id`);

--
-- 資料表索引 `psycological_test`
--
ALTER TABLE `psycological_test`
  ADD PRIMARY KEY (`question_id`);

--
-- 資料表索引 `psycological_test_result`
--
ALTER TABLE `psycological_test_result`
  ADD PRIMARY KEY (`result_id`);

--
-- 資料表索引 `purchase_item`
--
ALTER TABLE `purchase_item`
  ADD PRIMARY KEY (`id`);

--
-- 資料表索引 `purchase_order`
--
ALTER TABLE `purchase_order`
  ADD PRIMARY KEY (`id`);

--
-- 資料表索引 `reserve_system`
--
ALTER TABLE `reserve_system`
  ADD PRIMARY KEY (`reservation_id`);

--
-- 資料表索引 `reviews`
--
ALTER TABLE `reviews`
  ADD PRIMARY KEY (`reviews_id`);

--
-- 資料表索引 `size`
--
ALTER TABLE `size`
  ADD PRIMARY KEY (`id`);

--
-- 資料表索引 `tag`
--
ALTER TABLE `tag`
  ADD PRIMARY KEY (`id`);

--
-- 資料表索引 `user`
--
ALTER TABLE `user`
  ADD PRIMARY KEY (`user_id`);

--
-- 在傾印的資料表使用自動遞增(AUTO_INCREMENT)
--

--
-- 使用資料表自動遞增(AUTO_INCREMENT) `adopt`
--
ALTER TABLE `adopt`
  MODIFY `adopt_id` int(11) NOT NULL AUTO_INCREMENT;

--
-- 使用資料表自動遞增(AUTO_INCREMENT) `blog`
--
ALTER TABLE `blog`
  MODIFY `blog_id` int(11) NOT NULL AUTO_INCREMENT, AUTO_INCREMENT=10007;

--
-- 使用資料表自動遞增(AUTO_INCREMENT) `brand`
--
ALTER TABLE `brand`
  MODIFY `id` int(11) NOT NULL AUTO_INCREMENT;

--
-- 使用資料表自動遞增(AUTO_INCREMENT) `category`
--
ALTER TABLE `category`
  MODIFY `id` int(11) NOT NULL AUTO_INCREMENT;

--
-- 使用資料表自動遞增(AUTO_INCREMENT) `color`
--
ALTER TABLE `color`
  MODIFY `id` int(11) NOT NULL AUTO_INCREMENT;

--
-- 使用資料表自動遞增(AUTO_INCREMENT) `faq_report`
--
ALTER TABLE `faq_report`
  MODIFY `fr_id` int(7) NOT NULL AUTO_INCREMENT, AUTO_INCREMENT=2;

--
-- 使用資料表自動遞增(AUTO_INCREMENT) `faq_shopinfo`
--
ALTER TABLE `faq_shopinfo`
  MODIFY `question_id` int(11) NOT NULL AUTO_INCREMENT, AUTO_INCREMENT=10021;

--
-- 使用資料表自動遞增(AUTO_INCREMENT) `favorite`
--
ALTER TABLE `favorite`
  MODIFY `favorite_id` int(11) NOT NULL AUTO_INCREMENT, AUTO_INCREMENT=10011;

--
-- 使用資料表自動遞增(AUTO_INCREMENT) `mypet`
--
ALTER TABLE `mypet`
  MODIFY `mypet_id` int(11) NOT NULL AUTO_INCREMENT, AUTO_INCREMENT=10011;

--
-- 使用資料表自動遞增(AUTO_INCREMENT) `notice_adoptinfo`
--
ALTER TABLE `notice_adoptinfo`
  MODIFY `question_adopt_id` int(11) NOT NULL AUTO_INCREMENT, AUTO_INCREMENT=10021;

--
-- 使用資料表自動遞增(AUTO_INCREMENT) `online_virtual_adoption_form`
--
ALTER TABLE `online_virtual_adoption_form`
  MODIFY `adopt_id` int(11) NOT NULL AUTO_INCREMENT, AUTO_INCREMENT=10041;

--
-- 使用資料表自動遞增(AUTO_INCREMENT) `order_detail`
--
ALTER TABLE `order_detail`
  MODIFY `order_detail_id` int(11) NOT NULL AUTO_INCREMENT, AUTO_INCREMENT=10027;

--
-- 使用資料表自動遞增(AUTO_INCREMENT) `order_history`
--
ALTER TABLE `order_history`
  MODIFY `order_id` int(11) NOT NULL AUTO_INCREMENT, AUTO_INCREMENT=10994;

--
-- 使用資料表自動遞增(AUTO_INCREMENT) `otp`
--
ALTER TABLE `otp`
  MODIFY `id` int(11) NOT NULL AUTO_INCREMENT;

--
-- 使用資料表自動遞增(AUTO_INCREMENT) `pet_action`
--
ALTER TABLE `pet_action`
  MODIFY `action_id` int(11) NOT NULL AUTO_INCREMENT, AUTO_INCREMENT=10073;

--
-- 使用資料表自動遞增(AUTO_INCREMENT) `pet_info`
--
ALTER TABLE `pet_info`
  MODIFY `pet_id` int(11) NOT NULL AUTO_INCREMENT, AUTO_INCREMENT=10992;

--
-- 使用資料表自動遞增(AUTO_INCREMENT) `product`
--
ALTER TABLE `product`
  MODIFY `product_id` int(11) NOT NULL AUTO_INCREMENT, AUTO_INCREMENT=13935;

--
-- 使用資料表自動遞增(AUTO_INCREMENT) `product_color`
--
ALTER TABLE `product_color`
  MODIFY `id` int(11) NOT NULL AUTO_INCREMENT;

--
-- 使用資料表自動遞增(AUTO_INCREMENT) `product_size`
--
ALTER TABLE `product_size`
  MODIFY `id` int(11) NOT NULL AUTO_INCREMENT;

--
-- 使用資料表自動遞增(AUTO_INCREMENT) `product_tag`
--
ALTER TABLE `product_tag`
  MODIFY `id` int(11) NOT NULL AUTO_INCREMENT;

--
-- 使用資料表自動遞增(AUTO_INCREMENT) `psycological_test`
--
ALTER TABLE `psycological_test`
  MODIFY `question_id` int(11) NOT NULL AUTO_INCREMENT, AUTO_INCREMENT=11000;

--
-- 使用資料表自動遞增(AUTO_INCREMENT) `psycological_test_result`
--
ALTER TABLE `psycological_test_result`
  MODIFY `result_id` int(11) NOT NULL AUTO_INCREMENT, AUTO_INCREMENT=11005;

--
-- 使用資料表自動遞增(AUTO_INCREMENT) `purchase_item`
--
ALTER TABLE `purchase_item`
  MODIFY `id` int(11) NOT NULL AUTO_INCREMENT;

--
-- 使用資料表自動遞增(AUTO_INCREMENT) `reserve_system`
--
ALTER TABLE `reserve_system`
  MODIFY `reservation_id` int(11) NOT NULL AUTO_INCREMENT, AUTO_INCREMENT=11024;

--
-- 使用資料表自動遞增(AUTO_INCREMENT) `size`
--
ALTER TABLE `size`
  MODIFY `id` int(11) NOT NULL AUTO_INCREMENT;

--
-- 使用資料表自動遞增(AUTO_INCREMENT) `tag`
--
ALTER TABLE `tag`
  MODIFY `id` int(11) NOT NULL AUTO_INCREMENT;

--
-- 使用資料表自動遞增(AUTO_INCREMENT) `user`
--
ALTER TABLE `user`
  MODIFY `user_id` int(11) NOT NULL AUTO_INCREMENT, AUTO_INCREMENT=10031;

--
-- 已傾印資料表的限制式
--

--
-- 資料表的限制式 `blog`
--
ALTER TABLE `blog`
  ADD CONSTRAINT `pet_info_blog_fk` FOREIGN KEY (`pet_id`) REFERENCES `pet_info` (`pet_id`) ON DELETE NO ACTION ON UPDATE NO ACTION;

--
-- 資料表的限制式 `favorite`
--
ALTER TABLE `favorite`
  ADD CONSTRAINT `pet_info_favorite_fk` FOREIGN KEY (`pet_id`) REFERENCES `pet_info` (`pet_id`) ON DELETE NO ACTION ON UPDATE NO ACTION,
  ADD CONSTRAINT `user_favorite_fk` FOREIGN KEY (`user_id`) REFERENCES `user` (`user_id`) ON DELETE NO ACTION ON UPDATE NO ACTION;

--
-- 資料表的限制式 `mypet`
--
ALTER TABLE `mypet`
  ADD CONSTRAINT `pet_info_mypet_fk` FOREIGN KEY (`pet_id`) REFERENCES `pet_info` (`pet_id`) ON DELETE NO ACTION ON UPDATE NO ACTION,
  ADD CONSTRAINT `user_mypet_fk` FOREIGN KEY (`user_id`) REFERENCES `user` (`user_id`) ON DELETE NO ACTION ON UPDATE NO ACTION;

--
-- 資料表的限制式 `online_virtual_adoption_form`
--
ALTER TABLE `online_virtual_adoption_form`
  ADD CONSTRAINT `pet_info_online_virtual__adoption_form_fk` FOREIGN KEY (`pet_id`) REFERENCES `pet_info` (`pet_id`) ON DELETE NO ACTION ON UPDATE NO ACTION,
  ADD CONSTRAINT `user_online_virtual__adoption_form_fk` FOREIGN KEY (`user_id`) REFERENCES `user` (`user_id`) ON DELETE NO ACTION ON UPDATE NO ACTION;

--
-- 資料表的限制式 `order_detail`
--
ALTER TABLE `order_detail`
  ADD CONSTRAINT `commodity_order_detail_fk` FOREIGN KEY (`product_id`) REFERENCES `product` (`product_id`) ON DELETE NO ACTION ON UPDATE NO ACTION;
COMMIT;

/*!40101 SET CHARACTER_SET_CLIENT=@OLD_CHARACTER_SET_CLIENT */;
/*!40101 SET CHARACTER_SET_RESULTS=@OLD_CHARACTER_SET_RESULTS */;
/*!40101 SET COLLATION_CONNECTION=@OLD_COLLATION_CONNECTION */;
